,Date,Position,PnL,Return
2020-01-24,2020-01-24,0.0,,
2020-01-27,2020-01-27,0.0,-0.0,-0.0
2020-01-28,2020-01-28,0.0,0.0,0.0
2020-01-29,2020-01-29,0.0,-0.0,-0.0
2020-01-30,2020-01-30,0.0,0.0,0.0
2020-01-31,2020-01-31,0.0,0.0,0.0
2020-02-03,2020-02-03,0.0,-0.0,-0.0
2020-02-04,2020-02-04,0.0,0.0,0.0
2020-02-05,2020-02-05,-38.0,-0.0,-0.0
2020-02-06,2020-02-06,-38.0,513.3792114257812,0.005133792114257812
2020-02-07,2020-02-07,-38.0,-415.3397216796875,-0.004153397216796875
2020-02-10,2020-02-10,-38.0,164.53948974609375,0.0016453948974609375
2020-02-11,2020-02-11,0.0,286.13995361328125,0.0028613995361328123
2020-02-12,2020-02-12,-37.0,0.0,0.0
2020-02-13,2020-02-13,-37.0,315.6099548339844,0.003156099548339844
2020-02-14,2020-02-14,-37.0,29.59954833984375,0.0002959954833984375
2020-02-18,2020-02-18,-37.0,335.59027099609375,0.0033559027099609377
2020-02-19,2020-02-19,0.0,-255.67013549804688,-0.002556701354980469
2020-02-20,2020-02-20,0.0,-0.0,-0.0
2020-02-21,2020-02-21,0.0,0.0,0.0
2020-02-24,2020-02-24,0.0,-0.0,-0.0
2020-02-25,2020-02-25,0.0,-0.0,-0.0
2020-02-26,2020-02-26,0.0,0.0,0.0
2020-02-27,2020-02-27,0.0,0.0,0.0
2020-02-28,2020-02-28,0.0,-0.0,-0.0
2020-03-02,2020-03-02,0.0,-0.0,-0.0
2020-03-03,2020-03-03,-43.0,0.0,0.0
2020-03-04,2020-03-04,-43.0,-233.48968505859375,-0.0023348968505859376
2020-03-05,2020-03-05,-43.0,-393.4497375488281,-0.0039344973754882814
2020-03-06,2020-03-06,-43.0,27.519317626953125,0.00027519317626953127
2020-03-09,2020-03-09,0.0,-85.14047241210938,-0.0008514047241210938
2020-03-10,2020-03-10,0.0,-0.0,-0.0
2020-03-11,2020-03-11,0.0,0.0,0.0
2020-03-12,2020-03-12,0.0,-0.0,-0.0
2020-03-13,2020-03-13,0.0,-0.0,-0.0
2020-03-16,2020-03-16,0.0,-0.0,-0.0
2020-03-17,2020-03-17,0.0,-0.0,-0.0
2020-03-18,2020-03-18,0.0,-0.0,-0.0
2020-03-19,2020-03-19,0.0,-0.0,-0.0
2020-03-20,2020-03-20,-66.0,-0.0,-0.0
2020-03-23,2020-03-23,-66.0,-783.419677734375,-0.00783419677734375
2020-03-24,2020-03-24,-66.0,373.56024169921875,0.0037356024169921875
2020-03-25,2020-03-25,-59.0,-669.2399597167969,-0.006692399597167969
2020-03-26,2020-03-26,-59.0,236.5896759033203,0.002365896759033203
2020-03-27,2020-03-27,-59.0,325.6802520751953,0.0032568025207519533
2020-03-30,2020-03-30,-59.0,491.47010803222656,0.004914701080322266
2020-03-31,2020-03-31,0.0,-667.8804321289062,-0.006678804321289062
2020-04-01,2020-04-01,0.0,-0.0,-0.0
2020-04-02,2020-04-02,0.0,-0.0,-0.0
2020-04-03,2020-04-03,0.0,0.0,0.0
2020-04-06,2020-04-06,-60.0,-0.0,-0.0
2020-04-07,2020-04-07,-60.0,-451.7999267578125,-0.004517999267578125
2020-04-08,2020-04-08,-60.0,1409.4003295898438,0.014094003295898437
2020-04-09,2020-04-09,-60.0,211.7999267578125,0.002117999267578125
2020-04-13,2020-04-13,0.0,-155.40069580078125,-0.0015540069580078125
2020-04-14,2020-04-14,0.0,-0.0,-0.0
2020-04-15,2020-04-15,0.0,0.0,0.0
2020-04-16,2020-04-16,0.0,0.0,0.0
2020-04-17,2020-04-17,-52.0,0.0,0.0
2020-04-20,2020-04-20,-52.0,759.2003173828125,0.007592003173828125
2020-04-21,2020-04-21,-52.0,-149.76025390625,-0.0014976025390625
2020-04-22,2020-04-22,-52.0,310.4400634765625,0.003104400634765625
2020-04-23,2020-04-23,-51.0,871.0,0.00871
2020-04-24,2020-04-24,-51.0,261.6294708251953,0.002616294708251953
2020-04-27,2020-04-27,-51.0,-108.62947082519531,-0.0010862947082519532
2020-04-28,2020-04-28,-51.0,-1149.5404357910156,-0.011495404357910157
2020-04-29,2020-04-29,-47.0,111.69012451171875,0.0011169012451171874
2020-04-30,2020-04-30,-47.0,-463.42002868652344,-0.0046342002868652345
2020-05-01,2020-05-01,-47.0,-412.6599426269531,-0.004126599426269531
2020-05-04,2020-05-04,-47.0,351.0900573730469,0.003510900573730469
2020-05-05,2020-05-05,-46.0,-201.15994262695312,-0.002011599426269531
2020-05-06,2020-05-06,-46.0,283.8199157714844,0.002838199157714844
2020-05-07,2020-05-07,-46.0,160.54025268554688,0.0016054025268554687
2020-05-08,2020-05-08,-46.0,-582.3601684570312,-0.005823601684570312
2020-05-11,2020-05-11,0.0,-170.66030883789062,-0.0017066030883789063
2020-05-12,2020-05-12,0.0,-0.0,-0.0
2020-05-13,2020-05-13,0.0,0.0,0.0
2020-05-14,2020-05-14,0.0,-0.0,-0.0
2020-05-15,2020-05-15,0.0,0.0,0.0
2020-05-18,2020-05-18,-46.0,0.0,0.0
2020-05-19,2020-05-19,-46.0,-314.63983154296875,-0.0031463983154296875
2020-05-20,2020-05-20,-46.0,-785.2203369140625,-0.007852203369140625
2020-05-21,2020-05-21,-46.0,263.5798034667969,0.0026357980346679685
2020-05-22,2020-05-22,-40.0,533.1405334472656,0.005331405334472656
2020-05-26,2020-05-26,-40.0,-275.2001953125,-0.002752001953125
2020-05-27,2020-05-27,-40.0,61.199951171875,0.00061199951171875
2020-05-28,2020-05-28,-40.0,-292.7996826171875,-0.002927996826171875
2020-05-29,2020-05-29,0.0,97.19970703125,0.0009719970703125
2020-06-01,2020-06-01,0.0,-0.0,-0.0
2020-06-02,2020-06-02,-38.0,0.0,0.0
2020-06-03,2020-06-03,-38.0,298.30023193359375,0.0029830023193359377
2020-06-04,2020-06-04,-38.0,207.86004638671875,0.0020786004638671876
2020-06-05,2020-06-05,-38.0,-194.18002319335938,-0.0019418002319335937
2020-06-08,2020-06-08,-34.0,91.95993041992188,0.0009195993041992188
2020-06-09,2020-06-09,-34.0,-875.5,-0.008755
2020-06-10,2020-06-10,-34.0,171.70010375976562,0.0017170010375976562
2020-06-11,2020-06-11,-34.0,-396.1003112792969,-0.003961003112792969
2020-06-12,2020-06-12,0.0,2.0399169921875,2.0399169921875e-05
2020-06-15,2020-06-15,-39.0,0.0,0.0
2020-06-16,2020-06-16,-39.0,-162.2395477294922,-0.001622395477294922
2020-06-17,2020-06-17,-39.0,-136.890380859375,-0.00136890380859375
2020-06-18,2020-06-18,-39.0,86.97042846679688,0.0008697042846679688
2020-06-19,2020-06-19,0.0,138.83990478515625,0.0013883990478515626
2020-06-22,2020-06-22,0.0,0.0,0.0
2020-06-23,2020-06-23,0.0,0.0,0.0
2020-06-24,2020-06-24,0.0,0.0,0.0
2020-06-25,2020-06-25,0.0,-0.0,-0.0
2020-06-26,2020-06-26,0.0,0.0,0.0
2020-06-29,2020-06-29,-36.0,0.0,0.0
2020-06-30,2020-06-30,-36.0,361.4403076171875,0.003614403076171875
2020-07-01,2020-07-01,-36.0,437.3997802734375,0.004373997802734375
2020-07-02,2020-07-02,-36.0,1054.0799560546875,0.010540799560546875
2020-07-06,2020-07-06,-34.0,-472.31982421875,-0.0047231982421875
2020-07-07,2020-07-07,-34.0,-251.59979248046875,-0.0025159979248046875
2020-07-08,2020-07-08,-34.0,-203.66070556640625,-0.0020366070556640625
2020-07-09,2020-07-09,-34.0,87.7205810546875,0.000877205810546875
2020-07-10,2020-07-10,0.0,-81.59979248046875,-0.0008159979248046875
2020-07-13,2020-07-13,0.0,-0.0,-0.0
2020-07-14,2020-07-14,-34.0,-0.0,-0.0
2020-07-15,2020-07-15,-34.0,-234.94012451171875,-0.0023494012451171875
2020-07-16,2020-07-16,-34.0,331.84033203125,0.0033184033203125
2020-07-17,2020-07-17,-34.0,7.48004150390625,7.48004150390625e-05
2020-07-20,2020-07-20,0.0,-194.1407470703125,-0.001941407470703125
2020-07-21,2020-07-21,0.0,0.0,0.0
2020-07-22,2020-07-22,0.0,0.0,0.0
2020-07-23,2020-07-23,0.0,-0.0,-0.0
2020-07-24,2020-07-24,0.0,0.0,0.0
2020-07-27,2020-07-27,0.0,0.0,0.0
2020-07-28,2020-07-28,0.0,-0.0,-0.0
2020-07-29,2020-07-29,0.0,0.0,0.0
2020-07-30,2020-07-30,0.0,-0.0,-0.0
2020-07-31,2020-07-31,0.0,-0.0,-0.0
2020-08-03,2020-08-03,0.0,-0.0,-0.0
2020-08-04,2020-08-04,0.0,0.0,0.0
2020-08-05,2020-08-05,-32.0,0.0,0.0
2020-08-06,2020-08-06,-32.0,169.599609375,0.00169599609375
2020-08-07,2020-08-07,-32.0,-425.599609375,-0.00425599609375
2020-08-10,2020-08-10,-32.0,298.5595703125,0.002985595703125
2020-08-11,2020-08-11,0.0,-75.51953125,-0.0007551953125
2020-08-12,2020-08-12,0.0,0.0,0.0
2020-08-13,2020-08-13,0.0,-0.0,-0.0
2020-08-14,2020-08-14,0.0,-0.0,-0.0
2020-08-17,2020-08-17,0.0,0.0,0.0
2020-08-18,2020-08-18,0.0,-0.0,-0.0
2020-08-19,2020-08-19,0.0,0.0,0.0
2020-08-20,2020-08-20,0.0,-0.0,-0.0
2020-08-21,2020-08-21,0.0,-0.0,-0.0
2020-08-24,2020-08-24,0.0,-0.0,-0.0
2020-08-25,2020-08-25,0.0,0.0,0.0
2020-08-26,2020-08-26,0.0,0.0,0.0
2020-08-27,2020-08-27,-31.0,0.0,0.0
2020-08-28,2020-08-28,-31.0,-124.310302734375,-0.00124310302734375
2020-08-31,2020-08-31,-31.0,90.21011352539062,0.0009021011352539063
2020-09-01,2020-09-01,-31.0,-38.130340576171875,-0.00038130340576171876
2020-09-02,2020-09-02,-31.0,-119.35018920898438,-0.0011935018920898436
2020-09-03,2020-09-03,-31.0,-131.439697265625,-0.00131439697265625
2020-09-04,2020-09-04,-31.0,163.060302734375,0.00163060302734375
2020-09-08,2020-09-08,-31.0,-79.35992431640625,-0.0007935992431640625
2020-09-09,2020-09-09,-30.0,106.94943237304688,0.0010694943237304687
2020-09-10,2020-09-10,-30.0,136.7999267578125,0.001367999267578125
2020-09-11,2020-09-11,-30.0,127.80029296875,0.0012780029296875
2020-09-14,2020-09-14,-30.0,88.79974365234375,0.0008879974365234375
2020-09-15,2020-09-15,-29.0,-23.6993408203125,-0.000236993408203125
2020-09-16,2020-09-16,-29.0,-46.400177001953125,-0.00046400177001953123
2020-09-17,2020-09-17,-29.0,-116.58056640625,-0.0011658056640625
2020-09-18,2020-09-18,-29.0,-143.26007080078125,-0.0014326007080078126
2020-09-21,2020-09-21,0.0,146.74081420898438,0.0014674081420898437
2020-09-22,2020-09-22,0.0,-0.0,-0.0
2020-09-23,2020-09-23,0.0,0.0,0.0
2020-09-24,2020-09-24,0.0,0.0,0.0
2020-09-25,2020-09-25,-30.0,-0.0,-0.0
2020-09-28,2020-09-28,-30.0,165.59967041015625,0.0016559967041015625
2020-09-29,2020-09-29,-30.0,-6.60003662109375,-6.60003662109375e-05
2020-09-30,2020-09-30,-30.0,-441.0003662109375,-0.004410003662109375
2020-10-01,2020-10-01,-29.0,-120.89996337890625,-0.0012089996337890626
2020-10-02,2020-10-02,-29.0,298.4102478027344,0.0029841024780273436
2020-10-05,2020-10-05,-29.0,-168.19964599609375,-0.0016819964599609374
2020-10-06,2020-10-06,-29.0,-341.6199645996094,-0.003416199645996094
2020-10-07,2020-10-07,0.0,156.0201416015625,0.001560201416015625
2020-10-08,2020-10-08,0.0,-0.0,-0.0
2020-10-09,2020-10-09,0.0,-0.0,-0.0
2020-10-12,2020-10-12,0.0,0.0,0.0
2020-10-13,2020-10-13,0.0,0.0,0.0
2020-10-14,2020-10-14,0.0,-0.0,-0.0
2020-10-15,2020-10-15,0.0,0.0,0.0
2020-10-16,2020-10-16,0.0,0.0,0.0
2020-10-19,2020-10-19,0.0,0.0,0.0
2020-10-20,2020-10-20,0.0,-0.0,-0.0
2020-10-21,2020-10-21,0.0,0.0,0.0
2020-10-22,2020-10-22,-22.0,-0.0,-0.0
2020-10-23,2020-10-23,-22.0,59.83935546875,0.0005983935546875
2020-10-26,2020-10-26,-22.0,-101.639892578125,-0.00101639892578125
2020-10-27,2020-10-27,-22.0,75.46051025390625,0.0007546051025390625
2020-10-28,2020-10-28,0.0,-165.88018798828125,-0.0016588018798828126
2020-10-29,2020-10-29,0.0,0.0,0.0
2020-10-30,2020-10-30,0.0,0.0,0.0
2020-11-02,2020-11-02,-21.0,0.0,0.0
2020-11-03,2020-11-03,-21.0,103.52984619140625,0.0010352984619140626
2020-11-04,2020-11-04,-21.0,-47.879974365234375,-0.0004787997436523438
2020-11-05,2020-11-05,-21.0,-74.97015380859375,-0.0007497015380859375
2020-11-06,2020-11-06,0.0,3.1505126953125,3.1505126953125e-05
2020-11-09,2020-11-09,0.0,-0.0,-0.0
2020-11-10,2020-11-10,0.0,0.0,0.0
2020-11-11,2020-11-11,0.0,0.0,0.0
2020-11-12,2020-11-12,0.0,0.0,0.0
2020-11-13,2020-11-13,0.0,0.0,0.0
2020-11-16,2020-11-16,0.0,-0.0,-0.0
2020-11-17,2020-11-17,0.0,0.0,0.0
2020-11-18,2020-11-18,0.0,-0.0,-0.0
2020-11-19,2020-11-19,0.0,-0.0,-0.0
2020-11-20,2020-11-20,0.0,-0.0,-0.0
2020-11-23,2020-11-23,-20.0,0.0,0.0
2020-11-24,2020-11-24,-20.0,-131.400146484375,-0.00131400146484375
2020-11-25,2020-11-25,-20.0,-368.9996337890625,-0.003689996337890625
2020-11-27,2020-11-27,-20.0,-169.000244140625,-0.00169000244140625
2020-11-30,2020-11-30,0.0,281.199951171875,0.00281199951171875
2020-12-01,2020-12-01,-19.0,-0.0,-0.0
2020-12-02,2020-12-02,-19.0,240.72967529296875,0.0024072967529296875
2020-12-03,2020-12-03,-19.0,48.260162353515625,0.00048260162353515627
2020-12-04,2020-12-04,-19.0,171.37979125976562,0.0017137979125976563
2020-12-07,2020-12-07,0.0,-85.5,-0.000855
2020-12-08,2020-12-08,0.0,-0.0,-0.0
2020-12-09,2020-12-09,0.0,-0.0,-0.0
2020-12-10,2020-12-10,0.0,-0.0,-0.0
2020-12-11,2020-12-11,0.0,-0.0,-0.0
2020-12-14,2020-12-14,0.0,0.0,0.0
2020-12-15,2020-12-15,0.0,0.0,0.0
2020-12-16,2020-12-16,0.0,-0.0,-0.0
2020-12-17,2020-12-17,0.0,-0.0,-0.0
2020-12-18,2020-12-18,0.0,0.0,0.0
2020-12-21,2020-12-21,0.0,0.0,0.0
2020-12-22,2020-12-22,0.0,0.0,0.0
2020-12-23,2020-12-23,0.0,0.0,0.0
2020-12-24,2020-12-24,0.0,0.0,0.0
2020-12-28,2020-12-28,0.0,0.0,0.0
2020-12-29,2020-12-29,0.0,-0.0,-0.0
2020-12-30,2020-12-30,0.0,-0.0,-0.0
2020-12-31,2020-12-31,0.0,-0.0,-0.0
2021-01-04,2021-01-04,-17.0,-0.0,-0.0
2021-01-05,2021-01-05,-17.0,22.270477294921875,0.00022270477294921874
2021-01-06,2021-01-06,-17.0,47.089813232421875,0.0004708981323242187
2021-01-07,2021-01-07,-17.0,-203.829833984375,-0.00203829833984375
2021-01-08,2021-01-08,-16.0,-0.6806640625,-6.806640625e-06
2021-01-11,2021-01-11,-16.0,-166.0791015625,-0.001660791015625
2021-01-12,2021-01-12,-16.0,-51.2001953125,-0.000512001953125
2021-01-13,2021-01-13,-16.0,-12.640625,-0.00012640625
2021-01-14,2021-01-14,0.0,-94.080078125,-0.00094080078125
2021-01-15,2021-01-15,0.0,-0.0,-0.0
2021-01-19,2021-01-19,0.0,0.0,0.0
2021-01-20,2021-01-20,0.0,-0.0,-0.0
2021-01-21,2021-01-21,0.0,-0.0,-0.0
2021-01-22,2021-01-22,0.0,0.0,0.0
2021-01-25,2021-01-25,0.0,0.0,0.0
2021-01-26,2021-01-26,0.0,-0.0,-0.0
2021-01-27,2021-01-27,0.0,0.0,0.0
2021-01-28,2021-01-28,0.0,-0.0,-0.0
2021-01-29,2021-01-29,-18.0,0.0,0.0
2021-02-01,2021-02-01,-18.0,-219.060791015625,-0.00219060791015625
2021-02-02,2021-02-02,-18.0,242.8209228515625,0.002428209228515625
2021-02-03,2021-02-03,-18.0,74.8795166015625,0.000748795166015625
2021-02-04,2021-02-04,-15.0,31.31982421875,0.0003131982421875
2021-02-05,2021-02-05,-15.0,-52.5,-0.000525
2021-02-08,2021-02-08,-15.0,-188.8494873046875,-0.001888494873046875
2021-02-09,2021-02-09,-15.0,147.30010986328125,0.0014730010986328125
2021-02-10,2021-02-10,0.0,-104.40032958984375,-0.0010440032958984374
2021-02-11,2021-02-11,0.0,-0.0,-0.0
2021-02-12,2021-02-12,0.0,-0.0,-0.0
2021-02-16,2021-02-16,0.0,0.0,0.0
2021-02-17,2021-02-17,0.0,-0.0,-0.0
2021-02-18,2021-02-18,0.0,-0.0,-0.0
2021-02-19,2021-02-19,0.0,0.0,0.0
2021-02-22,2021-02-22,0.0,-0.0,-0.0
2021-02-23,2021-02-23,0.0,0.0,0.0
2021-02-24,2021-02-24,0.0,0.0,0.0
2021-02-25,2021-02-25,0.0,-0.0,-0.0
2021-02-26,2021-02-26,0.0,0.0,0.0
2021-03-01,2021-03-01,0.0,0.0,0.0
2021-03-02,2021-03-02,0.0,-0.0,-0.0
2021-03-03,2021-03-03,0.0,0.0,0.0
2021-03-04,2021-03-04,0.0,-0.0,-0.0
2021-03-05,2021-03-05,0.0,-0.0,-0.0
2021-03-08,2021-03-08,0.0,0.0,0.0
2021-03-09,2021-03-09,0.0,0.0,0.0
2021-03-10,2021-03-10,-18.0,-0.0,-0.0
2021-03-11,2021-03-11,-18.0,81.720703125,0.00081720703125
2021-03-12,2021-03-12,-18.0,-76.68017578125,-0.0007668017578125
2021-03-15,2021-03-15,-18.0,354.7803955078125,0.003547803955078125
2021-03-16,2021-03-16,-16.0,211.1396484375,0.002111396484375
2021-03-17,2021-03-17,-16.0,-87.2001953125,-0.000872001953125
2021-03-18,2021-03-18,-16.0,274.400390625,0.00274400390625
2021-03-19,2021-03-19,-16.0,-176.0,-0.00176
2021-03-22,2021-03-22,-17.0,32.0,0.00032
2021-03-23,2021-03-23,-17.0,32.29937744140625,0.0003229937744140625
2021-03-24,2021-03-24,-17.0,608.260498046875,0.00608260498046875
2021-03-25,2021-03-25,-17.0,118.65966796875,0.0011865966796875
2021-03-26,2021-03-26,-18.0,-272.170166015625,-0.00272170166015625
2021-03-29,2021-03-29,-18.0,727.020263671875,0.00727020263671875
2021-03-30,2021-03-30,-18.0,-356.3997802734375,-0.003563997802734375
2021-03-31,2021-03-31,-18.0,73.43975830078125,0.0007343975830078125
2021-04-01,2021-04-01,-17.0,-579.7798461914062,-0.005797798461914062
2021-04-05,2021-04-05,-17.0,128.51995849609375,0.0012851995849609374
2021-04-06,2021-04-06,-17.0,-380.96954345703125,-0.0038096954345703126
2021-04-07,2021-04-07,-17.0,277.26995849609375,0.0027726995849609373
2021-04-08,2021-04-08,-16.0,43.00946044921875,0.0004300946044921875
2021-04-09,2021-04-09,-16.0,410.400390625,0.00410400390625
2021-04-12,2021-04-12,-16.0,-241.6005859375,-0.002416005859375
2021-04-13,2021-04-13,-16.0,-18.2392578125,-0.000182392578125
2021-04-14,2021-04-14,0.0,187.51953125,0.0018751953125
2021-04-15,2021-04-15,0.0,-0.0,-0.0
2021-04-16,2021-04-16,0.0,0.0,0.0
2021-04-19,2021-04-19,0.0,0.0,0.0
2021-04-20,2021-04-20,0.0,-0.0,-0.0
2021-04-21,2021-04-21,0.0,0.0,0.0
2021-04-22,2021-04-22,-15.0,0.0,0.0
2021-04-23,2021-04-23,-15.0,-52.79937744140625,-0.0005279937744140625
2021-04-26,2021-04-26,-15.0,-43.3502197265625,-0.000433502197265625
2021-04-27,2021-04-27,-15.0,-88.5003662109375,-0.000885003662109375
2021-04-28,2021-04-28,0.0,19.200439453125,0.00019200439453125
2021-04-29,2021-04-29,-14.0,0.0,0.0
2021-04-30,2021-04-30,-14.0,-235.3399658203125,-0.002353399658203125
2021-05-03,2021-05-03,-14.0,-119.6998291015625,-0.001196998291015625
2021-05-04,2021-05-04,-14.0,76.7197265625,0.000767197265625
2021-05-05,2021-05-05,0.0,9.8001708984375,9.8001708984375e-05
2021-05-06,2021-05-06,0.0,0.0,0.0
2021-05-07,2021-05-07,-16.0,0.0,0.0
2021-05-10,2021-05-10,-16.0,41.7607421875,0.000417607421875
2021-05-11,2021-05-11,-16.0,120.3193359375,0.001203193359375
2021-05-12,2021-05-12,0.0,-318.080078125,-0.00318080078125
2021-05-13,2021-05-13,0.0,-0.0,-0.0
2021-05-14,2021-05-14,-16.0,0.0,0.0
2021-05-17,2021-05-17,-16.0,46.080078125,0.00046080078125
2021-05-18,2021-05-18,-16.0,-72.3203125,-0.000723203125
2021-05-19,2021-05-19,-16.0,134.400390625,0.00134400390625
2021-05-20,2021-05-20,0.0,144.3193359375,0.001443193359375
2021-05-21,2021-05-21,-16.0,-0.0,-0.0
2021-05-24,2021-05-24,-16.0,-67.83984375,-0.0006783984375
2021-05-25,2021-05-25,-16.0,281.919921875,0.00281919921875
2021-05-26,2021-05-26,-16.0,206.400390625,0.00206400390625
2021-05-27,2021-05-27,0.0,-247.51953125,-0.0024751953125
2021-05-28,2021-05-28,0.0,0.0,0.0
2021-06-01,2021-06-01,0.0,-0.0,-0.0
2021-06-02,2021-06-02,0.0,0.0,0.0
2021-06-03,2021-06-03,0.0,-0.0,-0.0
2021-06-04,2021-06-04,0.0,0.0,0.0
2021-06-07,2021-06-07,0.0,0.0,0.0
2021-06-08,2021-06-08,0.0,-0.0,-0.0
2021-06-09,2021-06-09,0.0,0.0,0.0
2021-06-10,2021-06-10,0.0,0.0,0.0
2021-06-11,2021-06-11,-15.0,0.0,0.0
2021-06-14,2021-06-14,-15.0,-57.7496337890625,-0.000577496337890625
2021-06-15,2021-06-15,-15.0,-190.50018310546875,-0.0019050018310546874
2021-06-16,2021-06-16,-15.0,142.5,0.001425
2021-06-17,2021-06-17,0.0,-26.099853515625,-0.00026099853515625
2021-06-18,2021-06-18,0.0,0.0,0.0
2021-06-21,2021-06-21,0.0,-0.0,-0.0
2021-06-22,2021-06-22,0.0,0.0,0.0
2021-06-23,2021-06-23,0.0,-0.0,-0.0
2021-06-24,2021-06-24,0.0,-0.0,-0.0
2021-06-25,2021-06-25,0.0,0.0,0.0
2021-06-28,2021-06-28,0.0,-0.0,-0.0
2021-06-29,2021-06-29,0.0,0.0,0.0
2021-06-30,2021-06-30,0.0,-0.0,-0.0
2021-07-01,2021-07-01,0.0,0.0,0.0
2021-07-02,2021-07-02,0.0,-0.0,-0.0
2021-07-06,2021-07-06,0.0,-0.0,-0.0
2021-07-07,2021-07-07,0.0,-0.0,-0.0
2021-07-08,2021-07-08,0.0,-0.0,-0.0
2021-07-09,2021-07-09,-15.0,0.0,0.0
2021-07-12,2021-07-12,-15.0,175.35003662109375,0.0017535003662109375
2021-07-13,2021-07-13,-15.0,-148.49945068359375,-0.0014849945068359375
2021-07-14,2021-07-14,-15.0,102.4493408203125,0.001024493408203125
2021-07-15,2021-07-15,0.0,-16.6497802734375,-0.000166497802734375
2021-07-16,2021-07-16,0.0,0.0,0.0
2021-07-19,2021-07-19,0.0,-0.0,-0.0
2021-07-20,2021-07-20,0.0,0.0,0.0
2021-07-21,2021-07-21,-15.0,-0.0,-0.0
2021-07-22,2021-07-22,-15.0,26.99981689453125,0.0002699981689453125
2021-07-23,2021-07-23,-15.0,-119.40032958984375,-0.0011940032958984376
2021-07-26,2021-07-26,-15.0,-78.1494140625,-0.000781494140625
2021-07-27,2021-07-27,0.0,292.5,0.002925
2021-07-28,2021-07-28,0.0,0.0,0.0
2021-07-29,2021-07-29,-14.0,0.0,0.0
2021-07-30,2021-07-30,-14.0,-145.600341796875,-0.00145600341796875
2021-08-02,2021-08-02,-14.0,-219.3797607421875,-0.002193797607421875
2021-08-03,2021-08-03,-14.0,6.439453125,6.439453125e-05
2021-08-04,2021-08-04,0.0,102.3399658203125,0.001023399658203125
2021-08-05,2021-08-05,0.0,-0.0,-0.0
2021-08-06,2021-08-06,0.0,-0.0,-0.0
2021-08-09,2021-08-09,0.0,-0.0,-0.0
2021-08-10,2021-08-10,0.0,0.0,0.0
2021-08-11,2021-08-11,0.0,0.0,0.0
2021-08-12,2021-08-12,0.0,0.0,0.0
2021-08-13,2021-08-13,0.0,0.0,0.0
2021-08-16,2021-08-16,0.0,-0.0,-0.0
2021-08-17,2021-08-17,0.0,-0.0,-0.0
2021-08-18,2021-08-18,0.0,-0.0,-0.0
2021-08-19,2021-08-19,0.0,0.0,0.0
2021-08-20,2021-08-20,0.0,0.0,0.0
2021-08-23,2021-08-23,0.0,0.0,0.0
2021-08-24,2021-08-24,-13.0,0.0,0.0
2021-08-25,2021-08-25,-13.0,-86.70977783203125,-0.0008670977783203125
2021-08-26,2021-08-26,-13.0,114.2705078125,0.001142705078125
2021-08-27,2021-08-27,-13.0,72.14984130859375,0.0007214984130859375
2021-08-30,2021-08-30,0.0,92.4298095703125,0.000924298095703125
2021-08-31,2021-08-31,0.0,0.0,0.0
2021-09-01,2021-09-01,0.0,0.0,0.0
2021-09-02,2021-09-02,0.0,0.0,0.0
2021-09-03,2021-09-03,0.0,-0.0,-0.0
2021-09-07,2021-09-07,0.0,-0.0,-0.0
2021-09-08,2021-09-08,0.0,-0.0,-0.0
2021-09-09,2021-09-09,0.0,-0.0,-0.0
2021-09-10,2021-09-10,0.0,0.0,0.0
2021-09-13,2021-09-13,0.0,0.0,0.0
2021-09-14,2021-09-14,0.0,0.0,0.0
2021-09-15,2021-09-15,0.0,0.0,0.0
2021-09-16,2021-09-16,0.0,0.0,0.0
2021-09-17,2021-09-17,0.0,-0.0,-0.0
2021-09-20,2021-09-20,0.0,0.0,0.0
2021-09-21,2021-09-21,0.0,0.0,0.0
2021-09-22,2021-09-22,0.0,0.0,0.0
2021-09-23,2021-09-23,0.0,0.0,0.0
2021-09-24,2021-09-24,0.0,0.0,0.0
2021-09-27,2021-09-27,0.0,-0.0,-0.0
2021-09-28,2021-09-28,0.0,-0.0,-0.0
2021-09-29,2021-09-29,0.0,0.0,0.0
2021-09-30,2021-09-30,0.0,-0.0,-0.0
2021-10-01,2021-10-01,0.0,-0.0,-0.0
2021-10-04,2021-10-04,0.0,-0.0,-0.0
2021-10-05,2021-10-05,0.0,-0.0,-0.0
2021-10-06,2021-10-06,0.0,0.0,0.0
2021-10-07,2021-10-07,0.0,0.0,0.0
2021-10-08,2021-10-08,0.0,-0.0,-0.0
2021-10-11,2021-10-11,0.0,-0.0,-0.0
2021-10-12,2021-10-12,0.0,-0.0,-0.0
2021-10-13,2021-10-13,0.0,0.0,0.0
2021-10-14,2021-10-14,0.0,0.0,0.0
2021-10-15,2021-10-15,0.0,-0.0,-0.0
2021-10-18,2021-10-18,0.0,-0.0,-0.0
2021-10-19,2021-10-19,0.0,-0.0,-0.0
2021-10-20,2021-10-20,0.0,-0.0,-0.0
2021-10-21,2021-10-21,0.0,-0.0,-0.0
2021-10-22,2021-10-22,0.0,-0.0,-0.0
2021-10-25,2021-10-25,0.0,-0.0,-0.0
2021-10-26,2021-10-26,0.0,0.0,0.0
2021-10-27,2021-10-27,-15.0,0.0,0.0
2021-10-28,2021-10-28,-15.0,-161.39923095703125,-0.0016139923095703126
2021-10-29,2021-10-29,-15.0,267.7496337890625,0.002677496337890625
2021-11-01,2021-11-01,-15.0,175.65032958984375,0.0017565032958984375
2021-11-02,2021-11-02,-14.0,66.29974365234375,0.0006629974365234375
2021-11-03,2021-11-03,-14.0,436.9403076171875,0.004369403076171875
2021-11-04,2021-11-04,-14.0,-21.0,-0.00021
2021-11-05,2021-11-05,-14.0,113.539794921875,0.00113539794921875
2021-11-08,2021-11-08,-13.0,-77.2802734375,-0.000772802734375
2021-11-09,2021-11-09,-13.0,11.1798095703125,0.000111798095703125
2021-11-10,2021-11-10,-13.0,-181.08990478515625,-0.0018108990478515625
2021-11-11,2021-11-11,-13.0,113.23028564453125,0.0011323028564453124
2021-11-12,2021-11-12,0.0,116.08990478515625,0.0011608990478515625
2021-11-15,2021-11-15,0.0,-0.0,-0.0
2021-11-16,2021-11-16,0.0,0.0,0.0
2021-11-17,2021-11-17,0.0,0.0,0.0
2021-11-18,2021-11-18,0.0,0.0,0.0
2021-11-19,2021-11-19,0.0,-0.0,-0.0
2021-11-22,2021-11-22,0.0,0.0,0.0
2021-11-23,2021-11-23,0.0,0.0,0.0
2021-11-24,2021-11-24,0.0,0.0,0.0
2021-11-26,2021-11-26,0.0,0.0,0.0
2021-11-29,2021-11-29,0.0,0.0,0.0
2021-11-30,2021-11-30,0.0,0.0,0.0
2021-12-01,2021-12-01,0.0,0.0,0.0
2021-12-02,2021-12-02,0.0,-0.0,-0.0
2021-12-03,2021-12-03,-15.0,-0.0,-0.0
2021-12-06,2021-12-06,-15.0,-28.3502197265625,-0.000283502197265625
2021-12-07,2021-12-07,-15.0,114.1497802734375,0.001141497802734375
2021-12-08,2021-12-08,-15.0,-133.0499267578125,-0.001330499267578125
2021-12-09,2021-12-09,0.0,-48.900146484375,-0.00048900146484375
2021-12-10,2021-12-10,0.0,-0.0,-0.0
2021-12-13,2021-12-13,0.0,-0.0,-0.0
2021-12-14,2021-12-14,0.0,-0.0,-0.0
2021-12-15,2021-12-15,0.0,-0.0,-0.0
2021-12-16,2021-12-16,0.0,-0.0,-0.0
2021-12-17,2021-12-17,0.0,-0.0,-0.0
2021-12-20,2021-12-20,0.0,0.0,0.0
2021-12-21,2021-12-21,0.0,-0.0,-0.0
2021-12-22,2021-12-22,-15.0,-0.0,-0.0
2021-12-23,2021-12-23,-15.0,-339.6002197265625,-0.003396002197265625
2021-12-27,2021-12-27,-15.0,77.69989013671875,0.0007769989013671875
2021-12-28,2021-12-28,-15.0,-287.54974365234375,-0.0028754974365234375
2021-12-29,2021-12-29,0.0,-416.99981689453125,-0.004169998168945313
2021-12-30,2021-12-30,0.0,0.0,0.0
2021-12-31,2021-12-31,0.0,-0.0,-0.0
2022-01-03,2022-01-03,0.0,-0.0,-0.0
2022-01-04,2022-01-04,0.0,-0.0,-0.0
2022-01-05,2022-01-05,0.0,-0.0,-0.0
2022-01-06,2022-01-06,0.0,-0.0,-0.0
2022-01-07,2022-01-07,0.0,-0.0,-0.0
2022-01-10,2022-01-10,0.0,0.0,0.0
2022-01-11,2022-01-11,0.0,-0.0,-0.0
2022-01-12,2022-01-12,0.0,0.0,0.0
2022-01-13,2022-01-13,0.0,0.0,0.0
2022-01-14,2022-01-14,0.0,0.0,0.0
2022-01-18,2022-01-18,0.0,0.0,0.0
2022-01-19,2022-01-19,0.0,-0.0,-0.0
2022-01-20,2022-01-20,-18.0,-0.0,-0.0
2022-01-21,2022-01-21,-18.0,-159.8389892578125,-0.001598389892578125
2022-01-24,2022-01-24,-18.0,90.7196044921875,0.000907196044921875
2022-01-25,2022-01-25,0.0,164.340087890625,0.00164340087890625
2022-01-26,2022-01-26,0.0,-0.0,-0.0
2022-01-27,2022-01-27,0.0,-0.0,-0.0
2022-01-28,2022-01-28,0.0,-0.0,-0.0
2022-01-31,2022-01-31,-19.0,-0.0,-0.0
2022-02-01,2022-02-01,-19.0,-36.47967529296875,-0.0003647967529296875
2022-02-02,2022-02-02,-19.0,-203.87078857421875,-0.0020387078857421873
2022-02-03,2022-02-03,-19.0,383.2308349609375,0.003832308349609375
2022-02-04,2022-02-04,0.0,279.10888671875,0.0027910888671875
2022-02-07,2022-02-07,0.0,-0.0,-0.0
2022-02-08,2022-02-08,-18.0,-0.0,-0.0
2022-02-09,2022-02-09,-18.0,-144.53997802734375,-0.0014453997802734374
2022-02-10,2022-02-10,-18.0,123.840087890625,0.00123840087890625
2022-02-11,2022-02-11,-18.0,502.7398681640625,0.005027398681640625
2022-02-14,2022-02-14,0.0,-209.69989013671875,-0.0020969989013671876
2022-02-15,2022-02-15,0.0,-0.0,-0.0
2022-02-16,2022-02-16,-18.0,-0.0,-0.0
2022-02-17,2022-02-17,-18.0,31.31982421875,0.0003131982421875
2022-02-18,2022-02-18,-18.0,-150.11993408203125,-0.0015011993408203124
2022-02-22,2022-02-22,0.0,-558.0,-0.00558
2022-02-23,2022-02-23,0.0,0.0,0.0
2022-02-24,2022-02-24,0.0,-0.0,-0.0
2022-02-25,2022-02-25,-18.0,-0.0,-0.0
2022-02-28,2022-02-28,-18.0,242.1002197265625,0.002421002197265625
2022-03-01,2022-03-01,-18.0,-186.48028564453125,-0.0018648028564453125
2022-03-02,2022-03-02,-18.0,-274.85980224609375,-0.0027485980224609373
2022-03-03,2022-03-03,0.0,-548.1002197265625,-0.005481002197265625
2022-03-04,2022-03-04,0.0,-0.0,-0.0
2022-03-07,2022-03-07,0.0,-0.0,-0.0
2022-03-08,2022-03-08,0.0,-0.0,-0.0
2022-03-09,2022-03-09,0.0,0.0,0.0
2022-03-10,2022-03-10,-22.0,-0.0,-0.0
2022-03-11,2022-03-11,-22.0,541.639892578125,0.00541639892578125
2022-03-14,2022-03-14,-22.0,68.42034912109375,0.0006842034912109375
2022-03-15,2022-03-15,0.0,99.88018798828125,0.0009988018798828126
2022-03-16,2022-03-16,-23.0,-0.0,-0.0
2022-03-17,2022-03-17,-23.0,-609.269775390625,-0.00609269775390625
2022-03-18,2022-03-18,-23.0,-78.43008422851562,-0.0007843008422851563
2022-03-21,2022-03-21,-23.0,25.300140380859375,0.00025300140380859375
2022-03-22,2022-03-22,-20.0,241.269775390625,0.00241269775390625
2022-03-23,2022-03-23,-20.0,96.5997314453125,0.000965997314453125
2022-03-24,2022-03-24,-20.0,373.800048828125,0.00373800048828125
2022-03-25,2022-03-25,0.0,259.4000244140625,0.002594000244140625
2022-03-28,2022-03-28,0.0,-0.0,-0.0
2022-03-29,2022-03-29,-21.0,-0.0,-0.0
2022-03-30,2022-03-30,-21.0,-567.8395385742188,-0.0056783953857421875
2022-03-31,2022-03-31,-21.0,251.15982055664062,0.002511598205566406
2022-04-01,2022-04-01,-21.0,617.8196411132812,0.006178196411132812
2022-04-04,2022-04-04,0.0,474.18035888671875,0.004741803588867188
2022-04-05,2022-04-05,0.0,0.0,0.0
2022-04-06,2022-04-06,0.0,0.0,0.0
2022-04-07,2022-04-07,0.0,0.0,0.0
2022-04-08,2022-04-08,0.0,0.0,0.0
2022-04-11,2022-04-11,0.0,-0.0,-0.0
2022-04-12,2022-04-12,0.0,0.0,0.0
2022-04-13,2022-04-13,0.0,-0.0,-0.0
2022-04-14,2022-04-14,0.0,-0.0,-0.0
2022-04-18,2022-04-18,0.0,-0.0,-0.0
2022-04-19,2022-04-19,-22.0,0.0,0.0
2022-04-20,2022-04-20,-22.0,-416.6800537109375,-0.004166800537109375
2022-04-21,2022-04-21,-22.0,236.93975830078125,0.0023693975830078127
2022-04-22,2022-04-22,-22.0,135.74029541015625,0.0013574029541015625
2022-04-25,2022-04-25,0.0,-229.02008056640625,-0.0022902008056640624
2022-04-26,2022-04-26,0.0,-0.0,-0.0
2022-04-27,2022-04-27,0.0,-0.0,-0.0
2022-04-28,2022-04-28,0.0,-0.0,-0.0
2022-04-29,2022-04-29,0.0,0.0,0.0
2022-05-02,2022-05-02,0.0,-0.0,-0.0
2022-05-03,2022-05-03,-31.0,-0.0,-0.0
2022-05-04,2022-05-04,-31.0,107.25973510742188,0.0010725973510742187
2022-05-05,2022-05-05,-31.0,-331.07977294921875,-0.0033107977294921874
2022-05-06,2022-05-06,-31.0,219.78988647460938,0.002197898864746094
2022-05-09,2022-05-09,0.0,122.14007568359375,0.0012214007568359375
2022-05-10,2022-05-10,0.0,0.0,0.0
2022-05-11,2022-05-11,0.0,-0.0,-0.0
2022-05-12,2022-05-12,0.0,-0.0,-0.0
2022-05-13,2022-05-13,-36.0,-0.0,-0.0
2022-05-16,2022-05-16,-36.0,-298.439208984375,-0.00298439208984375
2022-05-17,2022-05-17,-36.0,272.159912109375,0.00272159912109375
2022-05-18,2022-05-18,-36.0,31.31982421875,0.0003131982421875
2022-05-19,2022-05-19,0.0,2007.7196044921875,0.020077196044921874
2022-05-20,2022-05-20,-34.0,-0.0,-0.0
2022-05-23,2022-05-23,-34.0,-644.9800415039062,-0.0064498004150390625
2022-05-24,2022-05-24,-34.0,267.24053955078125,0.0026724053955078124
2022-05-25,2022-05-25,-34.0,-335.58087158203125,-0.0033558087158203124
2022-05-26,2022-05-26,0.0,923.7804565429688,0.009237804565429688
2022-05-27,2022-05-27,0.0,-0.0,-0.0
2022-05-31,2022-05-31,-33.0,-0.0,-0.0
2022-06-01,2022-06-01,-33.0,357.3895568847656,0.003573895568847656
2022-06-02,2022-06-02,-33.0,66.66064453125,0.0006666064453125
2022-06-03,2022-06-03,-35.0,-112.86044311523438,-0.0011286044311523437
2022-06-06,2022-06-06,-35.0,-559.649658203125,-0.00559649658203125
2022-06-07,2022-06-07,-35.0,46.199188232421875,0.00046199188232421876
2022-06-08,2022-06-08,-35.0,-223.64944458007812,-0.002236494445800781
2022-06-09,2022-06-09,0.0,401.8003845214844,0.0040180038452148435
2022-06-10,2022-06-10,0.0,0.0,0.0
2022-06-13,2022-06-13,0.0,0.0,0.0
2022-06-14,2022-06-14,0.0,0.0,0.0
2022-06-15,2022-06-15,0.0,-0.0,-0.0
2022-06-16,2022-06-16,0.0,0.0,0.0
2022-06-17,2022-06-17,0.0,-0.0,-0.0
2022-06-21,2022-06-21,-40.0,0.0,0.0
2022-06-22,2022-06-22,-40.0,277.19970703125,0.0027719970703125
2022-06-23,2022-06-23,-40.0,498.800048828125,0.00498800048828125
2022-06-24,2022-06-24,-40.0,-787.999267578125,-0.00787999267578125
2022-06-27,2022-06-27,0.0,450.799560546875,0.00450799560546875
2022-06-28,2022-06-28,0.0,-0.0,-0.0
2022-06-29,2022-06-29,0.0,0.0,0.0
2022-06-30,2022-06-30,0.0,-0.0,-0.0
2022-07-01,2022-07-01,0.0,-0.0,-0.0
2022-07-05,2022-07-05,-39.0,-0.0,-0.0
2022-07-06,2022-07-06,-39.0,508.9501190185547,0.005089501190185547
2022-07-07,2022-07-07,-39.0,231.26971435546875,0.0023126971435546875
2022-07-08,2022-07-08,-39.0,-222.2998809814453,-0.0022229988098144532
2022-07-11,2022-07-11,0.0,544.4396667480469,0.005444396667480469
2022-07-12,2022-07-12,0.0,0.0,0.0
2022-07-13,2022-07-13,0.0,-0.0,-0.0
2022-07-14,2022-07-14,0.0,0.0,0.0
2022-07-15,2022-07-15,0.0,0.0,0.0
2022-07-18,2022-07-18,-37.0,0.0,0.0
2022-07-19,2022-07-19,-37.0,317.46006774902344,0.0031746006774902346
2022-07-20,2022-07-20,-37.0,305.25,0.0030525
2022-07-21,2022-07-21,-37.0,-8.509841918945312,-8.509841918945312e-05
2022-07-22,2022-07-22,0.0,202.7598419189453,0.002027598419189453
2022-07-25,2022-07-25,0.0,0.0,0.0
2022-07-26,2022-07-26,0.0,0.0,0.0
2022-07-27,2022-07-27,-36.0,-0.0,-0.0
2022-07-28,2022-07-28,-36.0,-363.60076904296875,-0.0036360076904296875
2022-07-29,2022-07-29,-36.0,-67.6790771484375,-0.000676790771484375
2022-08-01,2022-08-01,-36.0,433.43975830078125,0.004334397583007812
2022-08-02,2022-08-02,0.0,18.0,0.00018
2022-08-03,2022-08-03,0.0,0.0,0.0
2022-08-04,2022-08-04,-32.0,-0.0,-0.0
2022-08-05,2022-08-05,-32.0,-246.400390625,-0.00246400390625
2022-08-08,2022-08-08,-32.0,25.60009765625,0.0002560009765625
2022-08-09,2022-08-09,-32.0,-423.35986328125,-0.0042335986328125
2022-08-10,2022-08-10,0.0,-229.759765625,-0.00229759765625
2022-08-11,2022-08-11,-32.0,0.0,0.0
2022-08-12,2022-08-12,-32.0,587.51953125,0.0058751953125
2022-08-15,2022-08-15,-32.0,441.919921875,0.00441919921875
2022-08-16,2022-08-16,-32.0,6.72021484375,6.72021484375e-05
2022-08-17,2022-08-17,0.0,-343.99951171875,-0.0034399951171875
2022-08-18,2022-08-18,0.0,0.0,0.0
2022-08-19,2022-08-19,0.0,-0.0,-0.0
2022-08-22,2022-08-22,0.0,0.0,0.0
2022-08-23,2022-08-23,0.0,-0.0,-0.0
2022-08-24,2022-08-24,0.0,0.0,0.0
2022-08-25,2022-08-25,-36.0,0.0,0.0
2022-08-26,2022-08-26,-36.0,-5.7601318359375,-5.7601318359375e-05
2022-08-29,2022-08-29,-36.0,29.880615234375,0.00029880615234375
2022-08-30,2022-08-30,0.0,699.119384765625,0.00699119384765625
2022-08-31,2022-08-31,0.0,0.0,0.0
2022-09-01,2022-09-01,0.0,-0.0,-0.0
2022-09-02,2022-09-02,0.0,0.0,0.0
2022-09-06,2022-09-06,0.0,-0.0,-0.0
2022-09-07,2022-09-07,0.0,0.0,0.0
2022-09-08,2022-09-08,-38.0,-0.0,-0.0
2022-09-09,2022-09-09,-38.0,-152.0,-0.00152
2022-09-12,2022-09-12,-38.0,449.91986083984375,0.004499198608398438
2022-09-13,2022-09-13,-38.0,523.2607421875,0.005232607421875
2022-09-14,2022-09-14,0.0,145.15969848632812,0.0014515969848632813
2022-09-15,2022-09-15,-37.0,0.0,0.0
2022-09-16,2022-09-16,-37.0,-417.72918701171875,-0.004177291870117187
2022-09-19,2022-09-19,-37.0,759.9797515869141,0.007599797515869141
2022-09-20,2022-09-20,-37.0,165.01968383789062,0.0016501968383789063
2022-09-21,2022-09-21,0.0,48.47047424316406,0.0004847047424316406
2022-09-22,2022-09-22,0.0,-0.0,-0.0
2022-09-23,2022-09-23,0.0,0.0,0.0
2022-09-26,2022-09-26,-42.0,-0.0,-0.0
2022-09-27,2022-09-27,-42.0,231.83953857421875,0.0023183953857421873
2022-09-28,2022-09-28,-42.0,-459.8998718261719,-0.004598998718261719
2022-09-29,2022-09-29,-42.0,-309.119384765625,-0.00309119384765625
2022-09-30,2022-09-30,0.0,-244.0198974609375,-0.002440198974609375
2022-10-03,2022-10-03,0.0,0.0,0.0
2022-10-04,2022-10-04,-44.0,-0.0,-0.0
2022-10-05,2022-10-05,-44.0,14.07965087890625,0.0001407965087890625
2022-10-06,2022-10-06,-44.0,-231.43975830078125,-0.0023143975830078123
2022-10-07,2022-10-07,-44.0,131.11981201171875,0.0013111981201171874
2022-10-10,2022-10-10,0.0,212.52008056640625,0.0021252008056640626
2022-10-11,2022-10-11,0.0,-0.0,-0.0
2022-10-12,2022-10-12,0.0,-0.0,-0.0
2022-10-13,2022-10-13,0.0,-0.0,-0.0
2022-10-14,2022-10-14,-45.0,0.0,0.0
2022-10-17,2022-10-17,-45.0,125.54969787597656,0.0012554969787597656
2022-10-18,2022-10-18,-45.0,243.89991760253906,0.0024389991760253907
2022-10-19,2022-10-19,-45.0,95.3997802734375,0.000953997802734375
2022-10-20,2022-10-20,0.0,49.05052185058594,0.0004905052185058594
2022-10-21,2022-10-21,0.0,-0.0,-0.0
2022-10-24,2022-10-24,-47.0,0.0,0.0
2022-10-25,2022-10-25,-47.0,-670.6902008056641,-0.00670690200805664
2022-10-26,2022-10-26,-47.0,51.700286865234375,0.0005170028686523438
2022-10-27,2022-10-27,-47.0,303.1498565673828,0.003031498565673828
2022-10-28,2022-10-28,0.0,506.6599426269531,0.005066599426269532
2022-10-31,2022-10-31,-52.0,-0.0,-0.0
2022-11-01,2022-11-01,-52.0,-55.63958740234375,-0.0005563958740234375
2022-11-02,2022-11-02,-52.0,20.7996826171875,0.000207996826171875
2022-11-03,2022-11-03,-52.0,-221.51971435546875,-0.0022151971435546876
2022-11-04,2022-11-04,0.0,555.359619140625,0.00555359619140625
2022-11-07,2022-11-07,-54.0,0.0,0.0
2022-11-08,2022-11-08,-54.0,77.7601318359375,0.000777601318359375
2022-11-09,2022-11-09,-54.0,271.0802307128906,0.002710802307128906
2022-11-10,2022-11-10,-54.0,361.7998352050781,0.003617998352050781
2022-11-11,2022-11-11,-50.0,-507.0599670410156,-0.0050705996704101565
2022-11-14,2022-11-14,-50.0,-186.00006103515625,-0.0018600006103515626
2022-11-15,2022-11-15,-50.0,-329.49981689453125,-0.0032949981689453125
2022-11-16,2022-11-16,-50.0,-183.00018310546875,-0.0018300018310546875
2022-11-17,2022-11-17,0.0,2005.5000305175781,0.02005500030517578
2022-11-18,2022-11-18,0.0,0.0,0.0
2022-11-21,2022-11-21,0.0,0.0,0.0
2022-11-22,2022-11-22,0.0,-0.0,-0.0
2022-11-23,2022-11-23,0.0,-0.0,-0.0
2022-11-25,2022-11-25,0.0,-0.0,-0.0
2022-11-28,2022-11-28,0.0,0.0,0.0
2022-11-29,2022-11-29,0.0,0.0,0.0
2022-11-30,2022-11-30,0.0,-0.0,-0.0
2022-12-01,2022-12-01,-49.0,-0.0,-0.0
2022-12-02,2022-12-02,-49.0,-1073.0997009277344,-0.010730997009277344
2022-12-05,2022-12-05,-49.0,-1102.5,-0.011025
2022-12-06,2022-12-06,-49.0,423.8497009277344,0.004238497009277344
2022-12-07,2022-12-07,0.0,-126.90982055664062,-0.0012690982055664063
2022-12-08,2022-12-08,0.0,-0.0,-0.0
2022-12-09,2022-12-09,0.0,-0.0,-0.0
2022-12-12,2022-12-12,0.0,-0.0,-0.0
2022-12-13,2022-12-13,-48.0,-0.0,-0.0
2022-12-14,2022-12-14,-48.0,11.520263671875,0.00011520263671875
2022-12-15,2022-12-15,-48.0,-234.719970703125,-0.00234719970703125
2022-12-16,2022-12-16,-48.0,77.280029296875,0.00077280029296875
2022-12-19,2022-12-19,0.0,234.719970703125,0.00234719970703125
2022-12-20,2022-12-20,0.0,0.0,0.0
2022-12-21,2022-12-21,0.0,0.0,0.0
2022-12-22,2022-12-22,0.0,0.0,0.0
2022-12-23,2022-12-23,0.0,-0.0,-0.0
2022-12-27,2022-12-27,0.0,-0.0,-0.0
2022-12-28,2022-12-28,0.0,-0.0,-0.0
2022-12-29,2022-12-29,-46.0,0.0,0.0
2022-12-30,2022-12-30,-46.0,-143.980224609375,-0.00143980224609375
2023-01-03,2023-01-03,-46.0,75.90042114257812,0.0007590042114257813
2023-01-04,2023-01-04,-46.0,-285.1998596191406,-0.0028519985961914063
2023-01-05,2023-01-05,-44.0,-164.2203369140625,-0.001642203369140625
2023-01-06,2023-01-06,-44.0,121.88018798828125,0.0012188018798828125
2023-01-09,2023-01-09,-44.0,-271.0401611328125,-0.002710401611328125
2023-01-10,2023-01-10,-44.0,165.43975830078125,0.0016543975830078125
2023-01-11,2023-01-11,-41.0,-24.199462890625,-0.00024199462890625
2023-01-12,2023-01-12,-41.0,-81.59022521972656,-0.0008159022521972656
2023-01-13,2023-01-13,-41.0,-144.72994995117188,-0.0014472994995117186
2023-01-17,2023-01-17,-41.0,32.38972473144531,0.0003238972473144531
2023-01-18,2023-01-18,-39.0,-7.37969970703125,-7.37969970703125e-05
2023-01-19,2023-01-19,-39.0,-35.87992858886719,-0.00035879928588867187
2023-01-20,2023-01-20,-39.0,117.38978576660156,0.0011738978576660156
2023-01-23,2023-01-23,-40.0,-411.83990478515625,-0.004118399047851562
2023-01-24,2023-01-24,-40.0,49.6002197265625,0.000496002197265625
2023-01-25,2023-01-25,-40.0,-55.2001953125,-0.000552001953125
2023-01-26,2023-01-26,-40.0,-494.000244140625,-0.00494000244140625
2023-01-27,2023-01-27,-37.0,192.39990234375,0.0019239990234375
2023-01-30,2023-01-30,-37.0,-35.14988708496094,-0.0003514988708496094
2023-01-31,2023-01-31,-37.0,-255.29977416992188,-0.002552997741699219
2023-02-01,2023-02-01,-37.0,-169.46006774902344,-0.0016946006774902344
2023-02-02,2023-02-02,-29.0,-70.67013549804688,-0.0007067013549804687
2023-02-03,2023-02-03,-29.0,-41.17994689941406,-0.00041179946899414063
2023-02-06,2023-02-06,-29.0,-121.21978759765625,-0.0012121978759765625
2023-02-07,2023-02-07,0.0,-182.11996459960938,-0.0018211996459960938
2023-02-08,2023-02-08,0.0,0.0,0.0
2023-02-09,2023-02-09,0.0,-0.0,-0.0
2023-02-10,2023-02-10,0.0,0.0,0.0
2023-02-13,2023-02-13,0.0,0.0,0.0
2023-02-14,2023-02-14,-30.0,0.0,0.0
2023-02-15,2023-02-15,-30.0,16.500091552734375,0.00016500091552734374
2023-02-16,2023-02-16,-30.0,-326.1003112792969,-0.0032610031127929687
2023-02-17,2023-02-17,-30.0,-187.5,-0.001875
2023-02-21,2023-02-21,0.0,101.400146484375,0.00101400146484375
2023-02-22,2023-02-22,0.0,0.0,0.0
2023-02-23,2023-02-23,0.0,0.0,0.0
2023-02-24,2023-02-24,0.0,0.0,0.0
2023-02-27,2023-02-27,0.0,-0.0,-0.0
2023-02-28,2023-02-28,0.0,-0.0,-0.0
2023-03-01,2023-03-01,0.0,0.0,0.0
2023-03-02,2023-03-02,0.0,-0.0,-0.0
2023-03-03,2023-03-03,-30.0,-0.0,-0.0
2023-03-06,2023-03-06,-30.0,167.1002197265625,0.001671002197265625
2023-03-07,2023-03-07,-30.0,-283.5003662109375,-0.002835003662109375
2023-03-08,2023-03-08,-30.0,-187.79937744140625,-0.0018779937744140625
2023-03-09,2023-03-09,0.0,-206.10076904296875,-0.0020610076904296875
2023-03-10,2023-03-10,0.0,-0.0,-0.0
2023-03-13,2023-03-13,0.0,-0.0,-0.0
2023-03-14,2023-03-14,-30.0,-0.0,-0.0
2023-03-15,2023-03-15,-30.0,38.39996337890625,0.0003839996337890625
2023-03-16,2023-03-16,-30.0,-82.19970703125,-0.0008219970703125
2023-03-17,2023-03-17,-30.0,-24.6002197265625,-0.000246002197265625
2023-03-20,2023-03-20,0.0,49.19952392578125,0.0004919952392578125
2023-03-21,2023-03-21,0.0,0.0,0.0
2023-03-22,2023-03-22,0.0,-0.0,-0.0
2023-03-23,2023-03-23,0.0,0.0,0.0
2023-03-24,2023-03-24,0.0,0.0,0.0
2023-03-27,2023-03-27,0.0,0.0,0.0
2023-03-28,2023-03-28,0.0,-0.0,-0.0
2023-03-29,2023-03-29,0.0,-0.0,-0.0
2023-03-30,2023-03-30,0.0,-0.0,-0.0
2023-03-31,2023-03-31,-30.0,-0.0,-0.0
2023-04-03,2023-04-03,-30.0,-78.599853515625,-0.00078599853515625
2023-04-04,2023-04-04,-30.0,-160.50018310546875,-0.0016050018310546875
2023-04-05,2023-04-05,-30.0,77.69989013671875,0.0007769989013671875
2023-04-06,2023-04-06,0.0,-246.8994140625,-0.002468994140625
2023-04-10,2023-04-10,-29.0,-0.0,-0.0
2023-04-11,2023-04-11,-29.0,130.790283203125,0.00130790283203125
2023-04-12,2023-04-12,-29.0,-327.120849609375,-0.00327120849609375
2023-04-13,2023-04-13,-29.0,444.57049560546875,0.004445704956054688
2023-04-14,2023-04-14,-28.0,24.069610595703125,0.00024069610595703125
2023-04-17,2023-04-17,-28.0,133.8399658203125,0.001338399658203125
2023-04-18,2023-04-18,-28.0,21.0,0.00021
2023-04-19,2023-04-19,-28.0,18.4801025390625,0.000184801025390625
2023-04-20,2023-04-20,0.0,-25.759521484375,-0.00025759521484375
2023-04-21,2023-04-21,0.0,0.0,0.0
2023-04-24,2023-04-24,0.0,0.0,0.0
2023-04-25,2023-04-25,0.0,-0.0,-0.0
2023-04-26,2023-04-26,0.0,-0.0,-0.0
2023-04-27,2023-04-27,0.0,-0.0,-0.0
2023-04-28,2023-04-28,0.0,0.0,0.0
2023-05-01,2023-05-01,0.0,0.0,0.0
2023-05-02,2023-05-02,0.0,0.0,0.0
2023-05-03,2023-05-03,0.0,-0.0,-0.0
2023-05-04,2023-05-04,0.0,0.0,0.0
2023-05-05,2023-05-05,0.0,0.0,0.0
2023-05-08,2023-05-08,0.0,0.0,0.0
2023-05-09,2023-05-09,0.0,0.0,0.0
2023-05-10,2023-05-10,0.0,0.0,0.0
2023-05-11,2023-05-11,0.0,-0.0,-0.0
2023-05-12,2023-05-12,0.0,0.0,0.0
2023-05-15,2023-05-15,0.0,0.0,0.0
2023-05-16,2023-05-16,0.0,-0.0,-0.0
2023-05-17,2023-05-17,0.0,0.0,0.0
2023-05-18,2023-05-18,0.0,-0.0,-0.0
2023-05-19,2023-05-19,0.0,0.0,0.0
2023-05-22,2023-05-22,0.0,-0.0,-0.0
2023-05-23,2023-05-23,-32.0,-0.0,-0.0
2023-05-24,2023-05-24,-32.0,119.3603515625,0.001193603515625
2023-05-25,2023-05-25,-32.0,-32.0,-0.00032
2023-05-26,2023-05-26,-32.0,-304.9609375,-0.003049609375
2023-05-30,2023-05-30,0.0,242.240234375,0.00242240234375
2023-05-31,2023-05-31,0.0,-0.0,-0.0
2023-06-01,2023-06-01,-33.0,0.0,0.0
2023-06-02,2023-06-02,-33.0,302.9407653808594,0.0030294076538085937
2023-06-05,2023-06-05,-33.0,78.2098388671875,0.000782098388671875
2023-06-06,2023-06-06,-33.0,-117.81024169921875,-0.0011781024169921874
2023-06-07,2023-06-07,0.0,164.34036254882812,0.0016434036254882813
2023-06-08,2023-06-08,0.0,-0.0,-0.0
2023-06-09,2023-06-09,0.0,0.0,0.0
2023-06-12,2023-06-12,0.0,-0.0,-0.0
2023-06-13,2023-06-13,-31.0,0.0,0.0
2023-06-14,2023-06-14,-31.0,566.6799621582031,0.005666799621582032
2023-06-15,2023-06-15,-31.0,40.919281005859375,0.0004091928100585937
2023-06-16,2023-06-16,-31.0,35.6507568359375,0.000356507568359375
2023-06-20,2023-06-20,0.0,-164.61087036132812,-0.0016461087036132812
2023-06-21,2023-06-21,0.0,-0.0,-0.0
2023-06-22,2023-06-22,0.0,-0.0,-0.0
2023-06-23,2023-06-23,0.0,0.0,0.0
2023-06-26,2023-06-26,0.0,0.0,0.0
2023-06-27,2023-06-27,0.0,0.0,0.0
2023-06-28,2023-06-28,-28.0,-0.0,-0.0
2023-06-29,2023-06-29,-28.0,82.5994873046875,0.000825994873046875
2023-06-30,2023-06-30,-28.0,-140.8399658203125,-0.001408399658203125
2023-07-03,2023-07-03,-28.0,64.960205078125,0.00064960205078125
2023-07-05,2023-07-05,0.0,-191.8001708984375,-0.001918001708984375
2023-07-06,2023-07-06,0.0,0.0,0.0
2023-07-07,2023-07-07,0.0,0.0,0.0
2023-07-10,2023-07-10,0.0,0.0,0.0
2023-07-11,2023-07-11,-28.0,-0.0,-0.0
2023-07-12,2023-07-12,-28.0,-31.9195556640625,-0.000319195556640625
2023-07-13,2023-07-13,-28.0,20.1600341796875,0.000201600341796875
2023-07-14,2023-07-14,-28.0,-103.320068359375,-0.00103320068359375
2023-07-17,2023-07-17,0.0,155.960205078125,0.00155960205078125
2023-07-18,2023-07-18,0.0,0.0,0.0
2023-07-19,2023-07-19,0.0,0.0,0.0
2023-07-20,2023-07-20,0.0,0.0,0.0
2023-07-21,2023-07-21,0.0,-0.0,-0.0
2023-07-24,2023-07-24,0.0,0.0,0.0
2023-07-25,2023-07-25,0.0,-0.0,-0.0
2023-07-26,2023-07-26,0.0,-0.0,-0.0
2023-07-27,2023-07-27,-23.0,-0.0,-0.0
2023-07-28,2023-07-28,-23.0,31.7401123046875,0.000317401123046875
2023-07-31,2023-07-31,-23.0,-325.6800842285156,-0.0032568008422851564
2023-08-01,2023-08-01,-23.0,-147.19985961914062,-0.0014719985961914063
2023-08-02,2023-08-02,0.0,-172.5,-0.001725
2023-08-03,2023-08-03,0.0,0.0,0.0
2023-08-04,2023-08-04,0.0,-0.0,-0.0
2023-08-07,2023-08-07,0.0,0.0,0.0
2023-08-08,2023-08-08,0.0,-0.0,-0.0
2023-08-09,2023-08-09,0.0,-0.0,-0.0
2023-08-10,2023-08-10,0.0,-0.0,-0.0
2023-08-11,2023-08-11,0.0,0.0,0.0
2023-08-14,2023-08-14,0.0,-0.0,-0.0
2023-08-15,2023-08-15,0.0,-0.0,-0.0
2023-08-16,2023-08-16,0.0,0.0,0.0
2023-08-17,2023-08-17,0.0,0.0,0.0
2023-08-18,2023-08-18,0.0,-0.0,-0.0
2023-08-21,2023-08-21,0.0,-0.0,-0.0
2023-08-22,2023-08-22,0.0,-0.0,-0.0
2023-08-23,2023-08-23,-27.0,-0.0,-0.0
2023-08-24,2023-08-24,-27.0,31.320098876953125,0.00031320098876953123
2023-08-25,2023-08-25,-27.0,129.59967041015625,0.0012959967041015624
2023-08-28,2023-08-28,-27.0,5.13006591796875,5.13006591796875e-05
2023-08-29,2023-08-29,0.0,94.5,0.000945
2023-08-30,2023-08-30,-26.0,-0.0,-0.0
2023-08-31,2023-08-31,-26.0,144.81939697265625,0.0014481939697265625
2023-09-01,2023-09-01,-26.0,-146.89984130859375,-0.0014689984130859374
2023-09-05,2023-09-05,-26.0,-197.859619140625,-0.00197859619140625
2023-09-06,2023-09-06,0.0,-14.5599365234375,-0.000145599365234375
2023-09-07,2023-09-07,0.0,-0.0,-0.0
2023-09-08,2023-09-08,0.0,-0.0,-0.0
2023-09-11,2023-09-11,0.0,0.0,0.0
2023-09-12,2023-09-12,0.0,-0.0,-0.0
2023-09-13,2023-09-13,0.0,0.0,0.0
2023-09-14,2023-09-14,0.0,0.0,0.0
2023-09-15,2023-09-15,-29.0,-0.0,-0.0
2023-09-18,2023-09-18,-29.0,-163.5604248046875,-0.001635604248046875
2023-09-19,2023-09-19,-29.0,-66.98992919921875,-0.0006698992919921875
2023-09-20,2023-09-20,-29.0,-259.8397521972656,-0.002598397521972656
2023-09-21,2023-09-21,0.0,-93.959716796875,-0.00093959716796875
2023-09-22,2023-09-22,0.0,-0.0,-0.0
2023-09-25,2023-09-25,0.0,0.0,0.0
2023-09-26,2023-09-26,0.0,-0.0,-0.0
2023-09-27,2023-09-27,0.0,0.0,0.0
2023-09-28,2023-09-28,0.0,-0.0,-0.0
2023-09-29,2023-09-29,0.0,-0.0,-0.0
2023-10-02,2023-10-02,0.0,0.0,0.0
2023-10-03,2023-10-03,0.0,-0.0,-0.0
2023-10-04,2023-10-04,0.0,0.0,0.0
2023-10-05,2023-10-05,0.0,0.0,0.0
2023-10-06,2023-10-06,0.0,-0.0,-0.0
2023-10-09,2023-10-09,0.0,-0.0,-0.0
2023-10-10,2023-10-10,0.0,-0.0,-0.0
2023-10-11,2023-10-11,0.0,-0.0,-0.0
2023-10-12,2023-10-12,0.0,-0.0,-0.0
2023-10-13,2023-10-13,0.0,-0.0,-0.0
2023-10-16,2023-10-16,0.0,-0.0,-0.0
2023-10-17,2023-10-17,-35.0,0.0,0.0
2023-10-18,2023-10-18,-35.0,-93.44940185546875,-0.0009344940185546875
2023-10-19,2023-10-19,-35.0,-204.05059814453125,-0.0020405059814453124
2023-10-20,2023-10-20,-35.0,76.65008544921875,0.0007665008544921875
2023-10-23,2023-10-23,0.0,194.59991455078125,0.0019459991455078125
2023-10-24,2023-10-24,0.0,-0.0,-0.0
2023-10-25,2023-10-25,0.0,0.0,0.0
2023-10-26,2023-10-26,0.0,-0.0,-0.0
2023-10-27,2023-10-27,0.0,0.0,0.0
2023-10-30,2023-10-30,0.0,-0.0,-0.0
2023-10-31,2023-10-31,0.0,0.0,0.0
2023-11-01,2023-11-01,0.0,-0.0,-0.0
2023-11-02,2023-11-02,-51.0,-0.0,-0.0
2023-11-03,2023-11-03,-51.0,102.510498046875,0.00102510498046875
2023-11-06,2023-11-06,-51.0,-324.8697509765625,-0.003248697509765625
2023-11-07,2023-11-07,-51.0,-224.4012451171875,-0.002244012451171875
2023-11-08,2023-11-08,0.0,222.36080932617188,0.002223608093261719
2023-11-09,2023-11-09,0.0,-0.0,-0.0
2023-11-10,2023-11-10,0.0,-0.0,-0.0
2023-11-13,2023-11-13,0.0,-0.0,-0.0
2023-11-14,2023-11-14,-48.0,-0.0,-0.0
2023-11-15,2023-11-15,-48.0,564.95947265625,0.0056495947265625
2023-11-16,2023-11-16,-48.0,3030.240234375,0.03030240234375
2023-11-17,2023-11-17,-48.0,-18.240234375,-0.00018240234375
2023-11-20,2023-11-20,-46.0,201.599853515625,0.00201599853515625
2023-11-21,2023-11-21,-46.0,98.90042114257812,0.0009890042114257813
2023-11-22,2023-11-22,-46.0,63.479522705078125,0.0006347952270507812
2023-11-24,2023-11-24,-46.0,-419.0600280761719,-0.004190600280761719
2023-11-27,2023-11-27,0.0,-235.519775390625,-0.00235519775390625
2023-11-28,2023-11-28,0.0,0.0,0.0
2023-11-29,2023-11-29,0.0,-0.0,-0.0
2023-11-30,2023-11-30,0.0,-0.0,-0.0
2023-12-01,2023-12-01,-43.0,-0.0,-0.0
2023-12-04,2023-12-04,-43.0,-205.97036743164062,-0.002059703674316406
2023-12-05,2023-12-05,-43.0,39.130157470703125,0.00039130157470703125
2023-12-06,2023-12-06,-43.0,-494.5,-0.004945
2023-12-07,2023-12-07,0.0,-100.61984252929688,-0.0010061984252929688
2023-12-08,2023-12-08,0.0,-0.0,-0.0
2023-12-11,2023-12-11,0.0,0.0,0.0
2023-12-12,2023-12-12,0.0,0.0,0.0
2023-12-13,2023-12-13,-42.0,0.0,0.0
2023-12-14,2023-12-14,-42.0,-83.57958984375,-0.0008357958984375
2023-12-15,2023-12-15,-37.0,-91.9801025390625,-0.000919801025390625
2023-12-18,2023-12-18,-37.0,101.00984191894531,0.0010100984191894532
2023-12-19,2023-12-19,-37.0,96.57002258300781,0.0009657002258300782
2023-12-20,2023-12-20,-37.0,-86.57986450195312,-0.0008657986450195313
2023-12-21,2023-12-21,0.0,99.15972900390625,0.0009915972900390625
2023-12-22,2023-12-22,-34.0,0.0,0.0
2023-12-26,2023-12-26,-34.0,28.899688720703125,0.0002889968872070312
2023-12-27,2023-12-27,-34.0,144.5,0.001445
2023-12-28,2023-12-28,-34.0,-51.67962646484375,-0.0005167962646484375
2023-12-29,2023-12-29,0.0,8.839813232421875,8.839813232421875e-05
2024-01-02,2024-01-02,0.0,0.0,0.0
2024-01-03,2024-01-03,0.0,-0.0,-0.0
2024-01-04,2024-01-04,0.0,-0.0,-0.0
2024-01-05,2024-01-05,-36.0,0.0,0.0
2024-01-08,2024-01-08,-36.0,-923.7595825195312,-0.009237595825195313
2024-01-09,2024-01-09,-36.0,72.35980224609375,0.0007235980224609375
2024-01-10,2024-01-10,-36.0,-240.48028564453125,-0.0024048028564453124
2024-01-11,2024-01-11,0.0,-238.31982421875,-0.0023831982421875
2024-01-12,2024-01-12,0.0,-0.0,-0.0
2024-01-16,2024-01-16,0.0,0.0,0.0
2024-01-17,2024-01-17,0.0,-0.0,-0.0
2024-01-18,2024-01-18,0.0,0.0,0.0
2024-01-19,2024-01-19,0.0,0.0,0.0
2024-01-22,2024-01-22,0.0,0.0,0.0
2024-01-23,2024-01-23,0.0,-0.0,-0.0
2024-01-24,2024-01-24,0.0,-0.0,-0.0
2024-01-25,2024-01-25,0.0,-0.0,-0.0
2024-01-26,2024-01-26,-35.0,0.0,0.0
2024-01-29,2024-01-29,-35.0,-116.20025634765625,-0.0011620025634765626
2024-01-30,2024-01-30,-35.0,-324.100341796875,-0.00324100341796875
2024-01-31,2024-01-31,-35.0,-125.29953002929688,-0.0012529953002929687
2024-02-01,2024-02-01,-31.0,25.54931640625,0.0002554931640625
2024-02-02,2024-02-02,-31.0,13.330718994140625,0.00013330718994140626
2024-02-05,2024-02-05,-31.0,146.319091796875,0.00146319091796875
2024-02-06,2024-02-06,-31.0,129.58071899414062,0.0012958071899414063
2024-02-07,2024-02-07,-33.0,244.89981079101562,0.002448998107910156
2024-02-08,2024-02-08,-33.0,-163.35040283203125,-0.0016335040283203125
2024-02-09,2024-02-09,-33.0,-60.389556884765625,-0.0006038955688476563
2024-02-12,2024-02-12,-33.0,-173.90963745117188,-0.0017390963745117188
2024-02-13,2024-02-13,0.0,170.93975830078125,0.0017093975830078125
2024-02-14,2024-02-14,0.0,-0.0,-0.0
2024-02-15,2024-02-15,-31.0,0.0,0.0
2024-02-16,2024-02-16,-31.0,-67.27041625976562,-0.0006727041625976562
2024-02-20,2024-02-20,-31.0,-189.41049194335938,-0.0018941049194335937
2024-02-21,2024-02-21,-31.0,175.1507568359375,0.001751507568359375
2024-02-22,2024-02-22,0.0,-79.98052978515625,-0.0007998052978515625
2024-02-23,2024-02-23,-30.0,0.0,0.0
2024-02-26,2024-02-26,-30.0,-15.59967041015625,-0.0001559967041015625
2024-02-27,2024-02-27,-30.0,-50.3997802734375,-0.000503997802734375
2024-02-28,2024-02-28,-30.0,-385.80047607421875,-0.0038580047607421875
2024-02-29,2024-02-29,0.0,111.29974365234375,0.0011129974365234375
2024-03-01,2024-03-01,0.0,0.0,0.0
2024-03-04,2024-03-04,0.0,0.0,0.0
2024-03-05,2024-03-05,0.0,0.0,0.0
2024-03-06,2024-03-06,0.0,-0.0,-0.0
2024-03-07,2024-03-07,-30.0,0.0,0.0
2024-03-08,2024-03-08,-30.0,-210.59967041015625,-0.0021059967041015624
2024-03-11,2024-03-11,-30.0,30.0,0.0003
2024-03-12,2024-03-12,-30.0,-142.80029296875,-0.0014280029296875
2024-03-13,2024-03-13,-30.0,266.400146484375,0.00266400146484375
2024-03-14,2024-03-14,-30.0,-357.30010986328125,-0.0035730010986328125
2024-03-15,2024-03-15,-30.0,-9.6002197265625,-9.6002197265625e-05
2024-03-18,2024-03-18,-30.0,181.20025634765625,0.0018120025634765626
2024-03-19,2024-03-19,0.0,-66.60003662109375,-0.0006660003662109375
2024-03-20,2024-03-20,-29.0,-0.0,-0.0
2024-03-21,2024-03-21,-29.0,-0.869964599609375,-8.69964599609375e-06
2024-03-22,2024-03-22,-29.0,69.89010620117188,0.0006989010620117187
2024-03-25,2024-03-25,-29.0,-232.86996459960938,-0.002328699645996094
2024-03-26,2024-03-26,0.0,247.95053100585938,0.0024795053100585937
2024-03-27,2024-03-27,0.0,0.0,0.0
2024-03-28,2024-03-28,0.0,0.0,0.0
2024-04-01,2024-04-01,0.0,0.0,0.0
2024-04-02,2024-04-02,0.0,-0.0,-0.0
2024-04-03,2024-04-03,0.0,0.0,0.0
2024-04-04,2024-04-04,0.0,0.0,0.0
2024-04-05,2024-04-05,0.0,-0.0,-0.0
2024-04-08,2024-04-08,0.0,-0.0,-0.0
2024-04-09,2024-04-09,-29.0,0.0,0.0
2024-04-10,2024-04-10,-29.0,-30.73992919921875,-0.0003073992919921875
2024-04-11,2024-04-11,-29.0,-346.26007080078125,-0.0034626007080078127
2024-04-12,2024-04-12,-29.0,228.23074340820312,0.002282307434082031
2024-04-15,2024-04-15,0.0,53.6492919921875,0.000536492919921875
2024-04-16,2024-04-16,0.0,-0.0,-0.0
2024-04-17,2024-04-17,0.0,0.0,0.0
2024-04-18,2024-04-18,0.0,0.0,0.0
2024-04-19,2024-04-19,0.0,0.0,0.0
2024-04-22,2024-04-22,0.0,-0.0,-0.0
2024-04-23,2024-04-23,-31.0,-0.0,-0.0
2024-04-24,2024-04-24,-31.0,60.76068115234375,0.0006076068115234375
2024-04-25,2024-04-25,-31.0,-150.04083251953125,-0.0015004083251953125
2024-04-26,2024-04-26,-31.0,-81.52920532226562,-0.0008152920532226562
2024-04-29,2024-04-29,0.0,-76.88034057617188,-0.0007688034057617188
2024-04-30,2024-04-30,0.0,0.0,0.0
2024-05-01,2024-05-01,0.0,-0.0,-0.0
2024-05-02,2024-05-02,0.0,-0.0,-0.0
2024-05-03,2024-05-03,0.0,-0.0,-0.0
2024-05-06,2024-05-06,0.0,-0.0,-0.0
2024-05-07,2024-05-07,0.0,0.0,0.0
2024-05-08,2024-05-08,0.0,-0.0,-0.0
2024-05-09,2024-05-09,0.0,0.0,0.0
2024-05-10,2024-05-10,0.0,-0.0,-0.0
2024-05-13,2024-05-13,0.0,0.0,0.0
2024-05-14,2024-05-14,0.0,0.0,0.0
2024-05-15,2024-05-15,0.0,0.0,0.0
2024-05-16,2024-05-16,0.0,-0.0,-0.0
2024-05-17,2024-05-17,0.0,-0.0,-0.0
2024-05-20,2024-05-20,0.0,-0.0,-0.0
2024-05-21,2024-05-21,0.0,-0.0,-0.0
2024-05-22,2024-05-22,0.0,0.0,0.0
2024-05-23,2024-05-23,0.0,0.0,0.0
2024-05-24,2024-05-24,0.0,0.0,0.0
2024-05-28,2024-05-28,0.0,-0.0,-0.0
2024-05-29,2024-05-29,0.0,-0.0,-0.0
2024-05-30,2024-05-30,0.0,-0.0,-0.0
2024-05-31,2024-05-31,0.0,0.0,0.0
2024-06-03,2024-06-03,0.0,-0.0,-0.0
2024-06-04,2024-06-04,0.0,0.0,0.0
2024-06-05,2024-06-05,0.0,0.0,0.0
2024-06-06,2024-06-06,-37.0,0.0,0.0
2024-06-07,2024-06-07,-37.0,250.120361328125,0.00250120361328125
2024-06-10,2024-06-10,-37.0,76.21990966796875,0.0007621990966796874
2024-06-11,2024-06-11,-37.0,150.21990966796875,0.0015021990966796875
2024-06-12,2024-06-12,-36.0,126.54049682617188,0.0012654049682617188
2024-06-13,2024-06-13,-36.0,104.3997802734375,0.001043997802734375
2024-06-14,2024-06-14,-36.0,314.27984619140625,0.0031427984619140626
2024-06-17,2024-06-17,-36.0,-116.27984619140625,-0.0011627984619140626
2024-06-18,2024-06-18,0.0,66.59967041015625,0.0006659967041015625
2024-06-20,2024-06-20,0.0,-0.0,-0.0
2024-06-21,2024-06-21,0.0,0.0,0.0
2024-06-24,2024-06-24,0.0,0.0,0.0
2024-06-25,2024-06-25,0.0,-0.0,-0.0
2024-06-26,2024-06-26,0.0,-0.0,-0.0
2024-06-27,2024-06-27,-39.0,0.0,0.0
2024-06-28,2024-06-28,-39.0,-56.549285888671875,-0.0005654928588867187
2024-07-01,2024-07-01,-39.0,74.87992858886719,0.0007487992858886719
2024-07-02,2024-07-02,-39.0,-6.240142822265625,-6.240142822265626e-05
2024-07-03,2024-07-03,0.0,94.37992858886719,0.0009437992858886718
2024-07-05,2024-07-05,0.0,0.0,0.0
2024-07-08,2024-07-08,0.0,0.0,0.0
2024-07-09,2024-07-09,0.0,-0.0,-0.0
2024-07-10,2024-07-10,0.0,-0.0,-0.0
2024-07-11,2024-07-11,-38.0,-0.0,-0.0
2024-07-12,2024-07-12,-38.0,-15.58013916015625,-0.0001558013916015625
2024-07-15,2024-07-15,-38.0,15.959930419921875,0.00015959930419921875
2024-07-16,2024-07-16,0.0,194.18002319335938,0.0019418002319335937
2024-07-17,2024-07-17,-39.0,-0.0,-0.0
2024-07-18,2024-07-18,-39.0,-326.8201904296875,-0.003268201904296875
2024-07-19,2024-07-19,-39.0,23.790023803710938,0.00023790023803710937
2024-07-22,2024-07-22,-39.0,61.23028564453125,0.0006123028564453125
2024-07-23,2024-07-23,0.0,108.80973815917969,0.001088097381591797
2024-07-24,2024-07-24,0.0,0.0,0.0
2024-07-25,2024-07-25,0.0,0.0,0.0
2024-07-26,2024-07-26,0.0,0.0,0.0
2024-07-29,2024-07-29,0.0,0.0,0.0
2024-07-30,2024-07-30,-42.0,-0.0,-0.0
2024-07-31,2024-07-31,-42.0,-69.30038452148438,-0.0006930038452148437
2024-08-01,2024-08-01,-42.0,-301.1392822265625,-0.003011392822265625
2024-08-02,2024-08-02,-42.0,573.2997436523438,0.005732997436523437
2024-08-05,2024-08-05,0.0,99.95956420898438,0.0009995956420898438
2024-08-06,2024-08-06,0.0,0.0,0.0
2024-08-07,2024-08-07,0.0,0.0,0.0
2024-08-08,2024-08-08,0.0,0.0,0.0
2024-08-09,2024-08-09,-46.0,0.0,0.0
2024-08-12,2024-08-12,-46.0,105.34039306640625,0.0010534039306640626
2024-08-13,2024-08-13,-46.0,-61.63983154296875,-0.0006163983154296875
2024-08-14,2024-08-14,-46.0,269.0995788574219,0.002690995788574219
2024-08-15,2024-08-15,-42.0,862.5,0.008625
2024-08-16,2024-08-16,-42.0,235.20025634765625,0.0023520025634765625
2024-08-19,2024-08-19,-42.0,-147.42041015625,-0.0014742041015625
2024-08-20,2024-08-20,-42.0,-302.3998718261719,-0.0030239987182617187
2024-08-21,2024-08-21,0.0,-30.24005126953125,-0.0003024005126953125
2024-08-22,2024-08-22,0.0,-0.0,-0.0
2024-08-23,2024-08-23,0.0,-0.0,-0.0
2024-08-26,2024-08-26,0.0,-0.0,-0.0
2024-08-27,2024-08-27,0.0,-0.0,-0.0
2024-08-28,2024-08-28,0.0,-0.0,-0.0
2024-08-29,2024-08-29,0.0,0.0,0.0
2024-08-30,2024-08-30,-40.0,0.0,0.0
2024-09-03,2024-09-03,-40.0,53.9996337890625,0.000539996337890625
2024-09-04,2024-09-04,-40.0,-250.3997802734375,-0.002503997802734375
2024-09-05,2024-09-05,0.0,-7.9998779296875,-7.9998779296875e-05
2024-09-06,2024-09-06,0.0,0.0,0.0
2024-09-09,2024-09-09,0.0,0.0,0.0
2024-09-10,2024-09-10,0.0,-0.0,-0.0
2024-09-11,2024-09-11,0.0,-0.0,-0.0
2024-09-12,2024-09-12,0.0,0.0,0.0
2024-09-13,2024-09-13,-42.0,-0.0,-0.0
2024-09-16,2024-09-16,-42.0,-221.75994873046875,-0.0022175994873046877
2024-09-17,2024-09-17,-42.0,97.4403076171875,0.000974403076171875
2024-09-18,2024-09-18,-42.0,-194.460205078125,-0.00194460205078125
2024-09-19,2024-09-19,0.0,224.70025634765625,0.0022470025634765624
2024-09-20,2024-09-20,0.0,0.0,0.0
2024-09-23,2024-09-23,0.0,0.0,0.0
2024-09-24,2024-09-24,0.0,-0.0,-0.0
2024-09-25,2024-09-25,0.0,-0.0,-0.0
2024-09-26,2024-09-26,0.0,0.0,0.0
2024-09-27,2024-09-27,-38.0,-0.0,-0.0
2024-09-30,2024-09-30,-38.0,-8.74041748046875,-8.74041748046875e-05
2024-10-01,2024-10-01,-38.0,-219.25958251953125,-0.0021925958251953126
2024-10-02,2024-10-02,-38.0,76.0,0.00076
2024-10-03,2024-10-03,0.0,-140.98025512695312,-0.0014098025512695313
2024-10-04,2024-10-04,0.0,0.0,0.0
2024-10-07,2024-10-07,0.0,0.0,0.0
2024-10-08,2024-10-08,0.0,0.0,0.0
2024-10-09,2024-10-09,0.0,-0.0,-0.0
2024-10-10,2024-10-10,0.0,0.0,0.0
2024-10-11,2024-10-11,0.0,-0.0,-0.0
2024-10-14,2024-10-14,0.0,0.0,0.0
2024-10-15,2024-10-15,0.0,-0.0,-0.0
2024-10-16,2024-10-16,0.0,-0.0,-0.0
2024-10-17,2024-10-17,0.0,0.0,0.0
2024-10-18,2024-10-18,0.0,0.0,0.0
2024-10-21,2024-10-21,0.0,-0.0,-0.0
2024-10-22,2024-10-22,0.0,-0.0,-0.0
2024-10-23,2024-10-23,0.0,-0.0,-0.0
2024-10-24,2024-10-24,-44.0,-0.0,-0.0
2024-10-25,2024-10-25,-44.0,-192.72021484375,-0.0019272021484375
2024-10-28,2024-10-28,-44.0,286.0,0.00286
2024-10-29,2024-10-29,-44.0,34.7603759765625,0.000347603759765625
2024-10-30,2024-10-30,0.0,11.88018798828125,0.0001188018798828125
2024-10-31,2024-10-31,0.0,-0.0,-0.0
2024-11-01,2024-11-01,0.0,-0.0,-0.0
2024-11-04,2024-11-04,-46.0,-0.0,-0.0
2024-11-05,2024-11-05,-46.0,97.52047729492188,0.0009752047729492188
2024-11-06,2024-11-06,-46.0,142.59957885742188,0.0014259957885742187
2024-11-07,2024-11-07,-46.0,1.37994384765625,1.37994384765625e-05
2024-11-08,2024-11-08,0.0,-169.2796630859375,-0.001692796630859375
2024-11-11,2024-11-11,0.0,-0.0,-0.0
2024-11-12,2024-11-12,0.0,-0.0,-0.0
2024-11-13,2024-11-13,0.0,-0.0,-0.0
2024-11-14,2024-11-14,0.0,0.0,0.0
2024-11-15,2024-11-15,-43.0,0.0,0.0
2024-11-18,2024-11-18,-43.0,150.5,0.001505
2024-11-19,2024-11-19,-43.0,129.8601837158203,0.0012986018371582031
2024-11-20,2024-11-20,-43.0,82.55992126464844,0.0008255992126464844
2024-11-21,2024-11-21,0.0,250.69007873535156,0.0025069007873535156
2024-11-22,2024-11-22,0.0,0.0,0.0
2024-11-25,2024-11-25,-41.0,0.0,0.0
2024-11-26,2024-11-26,-41.0,-56.1697998046875,-0.000561697998046875
2024-11-27,2024-11-27,-41.0,-520.7005004882812,-0.005207005004882813
2024-11-29,2024-11-29,0.0,109.47055053710938,0.0010947055053710938
2024-12-02,2024-12-02,0.0,-0.0,-0.0
2024-12-03,2024-12-03,0.0,0.0,0.0
2024-12-04,2024-12-04,0.0,-0.0,-0.0
2024-12-05,2024-12-05,0.0,-0.0,-0.0
2024-12-06,2024-12-06,0.0,0.0,0.0
2024-12-09,2024-12-09,-41.0,0.0,0.0
2024-12-10,2024-12-10,-41.0,-254.60964965820312,-0.0025460964965820314
2024-12-11,2024-12-11,-41.0,300.1196746826172,0.003001196746826172
2024-12-12,2024-12-12,-41.0,-52.88972473144531,-0.0005288972473144532
2024-12-13,2024-12-13,0.0,-177.9404754638672,-0.001779404754638672
2024-12-16,2024-12-16,0.0,-0.0,-0.0
2024-12-17,2024-12-17,0.0,0.0,0.0
2024-12-18,2024-12-18,0.0,-0.0,-0.0
2024-12-19,2024-12-19,0.0,0.0,0.0
2024-12-20,2024-12-20,0.0,0.0,0.0
2024-12-23,2024-12-23,0.0,0.0,0.0
2024-12-24,2024-12-24,0.0,-0.0,-0.0
2024-12-26,2024-12-26,-45.0,0.0,0.0
2024-12-27,2024-12-27,-45.0,336.5998077392578,0.0033659980773925783
2024-12-30,2024-12-30,-45.0,-204.30038452148438,-0.0020430038452148437
2024-12-31,2024-12-31,-45.0,-234.90005493164062,-0.002349000549316406
