,Size,EntryBar,ExitBar,EntryPrice,ExitPrice,PnL,ReturnPct,EntryTime,ExitTime,Duration,TradingDays,TradeNumber,CumulativePnL,PeakPnL,Drawdown,ExitReason,ProfitTargetPrice,StopLossPrice,DaysHeld,CurrentProfitPct,ATRValue,ExitType,StrategyAnnualReturn,StrategyAnnualVol,StrategySharpe,TradeReturn,TradeSharpe
0,-38,23,26,262.61452283447267,257.75,184.8518677099613,0.01852343420298508,2020-02-05,2020-02-10,5 days,3,1,184.8518677099613,184.8518677099613,0.0,Time Exit,256.8,298.73428126743863,2.0,3.300929559725467,10.411427089146205,Time Exit,0.011237010192871093,0.03555131993660153,0.31607856509716065,0.0026257897949218748,2.7029707186760987
1,-37,28,31,268.85241633300785,273.0,-153.46059567870947,-0.01542699047887619,2020-02-12,2020-02-18,6 days,3,2,31.391272031251845,184.8518677099613,153.46059567870947,Time Exit,262.6655859375,302.3928473336356,2.0,-0.48975802317555933,9.594287327357701,Time Exit,0.011237010192871093,0.03555131993660153,0.31607856509716065,0.006807997741699219,15.007559153198757
2,-43,41,44,228.98112243652344,219.77000427246094,396.0780810546874,0.04022653948958588,2020-03-03,2020-03-06,3 days,3,3,427.46935308593925,427.46935308593925,0.0,Time Exit,215.57759765625,262.60428183419367,2.0,-2.7297848902109187,12.68142809186663,Time Exit,0.011237010192871093,0.03555131993660153,0.31607856509716065,-0.005994201049804688,-11.881937792510763
3,-66,54,56,151.28721349853515,149.52999877929688,115.9761714697263,0.011615090783962945,2020-03-20,2020-03-24,4 days,2,4,543.4455245556655,543.4455245556655,0.0,Profit Target,139.02720703125,205.95785903930664,1.0,4.902641723819514,20.379283905029297,Profit Target,0.011237010192871093,0.03555131993660153,0.31607856509716065,-0.0040985943603515625,-3.6729880519030025
4,-59,57,60,170.02925512695313,174.69000244140625,-274.98409155273396,-0.027411443465850338,2020-03-25,2020-03-30,5 days,3,5,268.4614330029316,543.4455245556655,274.98409155273396,Time Exit,176.33279296875,252.48284530639648,2.0,3.6149823902535148,22.934284210205078,Time Exit,0.011237010192871093,0.03555131993660153,0.31607856509716065,0.0038450007629394533,2.9285312918891027
5,-60,65,68,166.7159030456543,183.8699951171875,-1029.2455242919918,-0.1028941556153502,2020-04-06,2020-04-09,3 days,3,6,-760.7840912890603,543.4455245556655,1304.2296158447257,Time Exit,169.6704052734375,233.26214763096402,2.0,-4.339706874820694,18.840714045933314,Time Exit,0.011237010192871093,0.03555131993660153,0.31607856509716065,0.011694003295898436,5.84156844201525
6,-52,73,76,190.8008355004883,190.89999389648438,-5.156236591796414,-0.0005196958165092358,2020-04-17,2020-04-22,5 days,3,7,-765.9403278808567,543.4455245556655,1309.3858524365223,Time Exit,185.28,233.34786551339286,2.0,2.9740961104477006,13.449288504464286,Time Exit,0.011237010192871093,0.03555131993660153,0.31607856509716065,0.00919880126953125,9.092229641905714
7,-51,77,80,194.36089349853515,201.52000427246094,-365.1146494702152,-0.03683411125077862,2020-04-23,2020-04-28,5 days,3,8,-1131.054977351072,543.4455245556655,1674.5005019067376,Time Exit,181.02720703125,227.32359640938895,2.0,-4.295482065077191,12.917863028390068,Time Exit,0.011237010192871093,0.03555131993660153,0.31607856509716065,-0.0012554043579101563,-0.5876522929980844
8,-47,81,84,205.99718365478515,199.39999389648438,310.06791864013627,0.03202563084239296,2020-04-29,2020-05-04,5 days,3,9,-820.9870587109358,543.4455245556655,1364.4325832666013,Profit Target,211.7568017578125,255.6393040248326,2.0,7.8520297309111395,11.686434064592634,Profit Target,0.011237010192871093,0.03555131993660153,0.31607856509716065,-0.004132997894287109,-4.108802912756547
9,-46,85,88,214.38037756347657,217.2899932861328,-133.8423232421871,-0.013572211019148517,2020-05-05,2020-05-08,3 days,3,10,-954.829381953123,543.4455245556655,1498.2749065087885,Time Exit,200.2656005859375,245.09001813616072,2.0,-2.344086752955883,12.160005841936384,Time Exit,0.011237010192871093,0.03555131993660153,0.31607856509716065,-0.003391599426269531,-3.447963695183105
10,-46,94,97,213.90492899902344,235.0,-970.3732660449218,-0.09861891027799952,2020-05-18,2020-05-21,3 days,3,11,-1925.2026479980448,543.4455245556655,2468.6481725537105,Time Exit,220.2431982421875,269.6971457345145,2.0,-2.876822489840388,13.425715855189733,Time Exit,0.011237010192871093,0.03555131993660153,0.31607856509716065,-0.008362803649902344,-7.358950570345617
11,-40,98,101,244.96988283447268,253.0800018310547,-324.4047598632801,-0.03310659621804213,2020-05-22,2020-05-28,6 days,3,12,-2249.6074078613246,543.4455245556655,2793.05293241699,Time Exit,233.9904052734375,278.64500536237443,2.0,-3.1467949438281377,11.63499995640346,Time Exit,0.011237010192871093,0.03555131993660153,0.31607856509716065,0.00026340606689453146,0.27012780741084425
12,-38,104,107,254.93390533203126,267.8500061035156,-490.8118293164059,-0.05066450755015173,2020-06-02,2020-06-05,3 days,3,13,-2740.419237177731,543.4455245556655,3283.8647617333963,Time Exit,253.238408203125,298.1271460396903,2.0,1.4102130862434203,11.445712498256139,Time Exit,0.011237010192871093,0.03555131993660153,0.31607856509716065,0.0031198025512695323,5.620880125892479
13,-34,108,111,285.73737756347657,254.44000244140625,1064.110754150391,0.10953196039295776,2020-06-08,2020-06-11,3 days,3,14,-1676.30848302734,543.4455245556655,2219.7540075830057,Profit Target,278.15999999999997,324.2607149396624,2.0,7.658326985817515,11.50357164655413,Profit Target,0.011237010192871093,0.03555131993660153,0.31607856509716065,-0.010079402770996095,-8.237953527627706
14,-39,113,116,247.3155763330078,261.0899963378906,-537.2023801904297,-0.05569572369487852,2020-06-15,2020-06-18,3 days,3,15,-2213.51086321777,543.4455245556655,2756.9563877734354,Time Exit,248.44798828125,302.59141322544644,2.0,-1.3176212608005464,14.597141810825892,Time Exit,0.011237010192871093,0.03555131993660153,0.31607856509716065,-0.0021215950012207032,-7.16988661314456
15,-36,123,126,267.1917379980469,279.1499938964844,-430.49721234374897,-0.04475533558049194,2020-06-29,2020-07-02,3 days,3,16,-2644.008075561519,543.4455245556655,3187.4536001171846,Time Exit,255.82081054687498,306.7571520124163,2.0,-2.761927742467748,13.425713675362724,Time Exit,0.011237010192871093,0.03555131993660153,0.31607856509716065,0.018529200439453122,16.800866477471647
16,-34,127,130,284.22400899902345,278.6700134277344,188.83584942382868,0.01954090926677543,2020-07-06,2020-07-09,3 days,3,17,-2455.1722261376904,543.4455245556655,2998.617750693356,Time Exit,271.14240234375,312.9692916870117,2.0,1.4339285363123953,10.176429748535156,Time Exit,0.011237010192871093,0.03555131993660153,0.31607856509716065,-0.008398597412109375,-14.468013865528663
17,-34,133,136,283.6531656689453,312.8299865722656,-992.0119107128913,-0.10286090350697141,2020-07-14,2020-07-17,3 days,3,18,-3447.1841368505816,543.4455245556655,3990.629661406247,Time Exit,287.6351953125,332.9349888392857,2.0,-3.1306338147238097,11.104997907366071,Time Exit,0.011237010192871093,0.03555131993660153,0.31607856509716065,0.0010438024902343752,1.7790829316364651
18,-32,149,152,298.25667599609375,305.3699951171875,-227.62621187500008,-0.023849655996256436,2020-08-05,2020-08-10,5 days,3,19,-3674.8103487255817,543.4455245556655,4218.255873281247,Time Exit,286.56960937499997,332.6821398053851,2.0,-2.4454750441033224,11.390710013253349,Time Exit,0.011237010192871093,0.03555131993660153,0.31607856509716065,0.00042559570312500003,0.5353833292720535
19,-31,165,168,307.9300979980469,297.1000061035156,335.73284873046964,0.035170618153084754,2020-08-27,2020-09-01,5 days,3,20,-3339.077499995112,543.4455245556655,3882.5230245507773,Time Exit,293.4144140625,330.08787754603793,2.0,2.833399832175295,8.149287632533483,Time Exit,0.011237010192871093,0.03555131993660153,0.31607856509716065,-0.0007223052978515626,-3.2223783716932437
20,-31,169,172,308.2414930029297,299.989990234375,255.79658582519573,0.02676960420924346,2020-09-02,2020-09-08,6 days,3,21,-3083.2809141699163,543.4455245556655,3626.726438725582,Profit Target,311.45279296875,351.7450060163226,2.0,4.756031508838086,9.105004446847099,Profit Target,0.011237010192871093,0.03555131993660153,0.31607856509716065,-0.0016708950805664063,-4.79279676620993
21,-30,173,176,320.71728,319.489990234375,36.8186929687505,0.0038267029628868965,2020-09-09,2020-09-14,5 days,3,22,-3046.462221201166,543.4455245556655,3589.9077457568314,Time Exit,310.963212890625,359.48073032924106,2.0,1.9325788793910355,11.853572300502233,Time Exit,0.011237010192871093,0.03555131993660153,0.31607856509716065,0.004603493957519532,84.86552005844435
22,-29,177,180,329.70567100097657,329.6000061035156,3.064282026367266,0.0003204824992549815,2020-09-15,2020-09-18,3 days,3,23,-3043.3979391747985,543.4455245556655,3586.843463730464,Time Exit,321.830390625,375.58142743791853,2.0,2.150695521151111,13.447145734514509,Time Exit,0.011237010192871093,0.03555131993660153,0.31607856509716065,-0.0032994015502929687,-23.130464763873
23,-30,185,188,320.01150200195315,322.55999755859375,-76.45486669921809,-0.007963762366969718,2020-09-25,2020-09-30,5 days,3,24,-3119.8528058740167,543.4455245556655,3663.298330429682,Time Exit,305.21279296874997,363.4142739432199,2.0,-0.7045641504598322,15.161427089146205,Time Exit,0.011237010192871093,0.03555131993660153,0.31607856509716065,-0.00282000732421875,-4.3122448527871695
24,-29,189,192,332.9727346191406,322.19000244140625,312.69923315429685,0.03238322858497056,2020-10-01,2020-10-06,5 days,3,25,-2807.1535727197197,543.4455245556655,3350.5990972753852,Time Exit,304.9055859375,360.8892778669085,2.0,-0.5982256546372,14.426430838448661,Time Exit,0.011237010192871093,0.03555131993660153,0.31607856509716065,-0.00332309326171875,-4.858417259288501
25,-22,204,207,423.4713673095703,455.3500061035156,-701.3300534667966,-0.07527932525043912,2020-10-22,2020-10-27,5 days,3,26,-3508.483626186516,543.4455245556655,4051.9291507421817,Time Exit,435.100810546875,507.6478707449777,2.0,-0.28241703953171954,18.139286586216517,Time Exit,0.011237010192871093,0.03555131993660153,0.31607856509716065,0.00033659973144531256,1.664498866386702
26,-21,211,214,453.12474200195317,486.4700012207031,-700.2504435937492,-0.07358957948627354,2020-11-02,2020-11-05,3 days,3,27,-4208.734069780266,543.4455245556655,4752.179594335931,Time Exit,440.10240234375,532.2957175118582,2.0,-5.457636523957071,24.61857169015067,Time Exit,0.011237010192871093,0.03555131993660153,0.31607856509716065,-0.00019320281982421867,-0.9753970659419011
27,-20,226,229,458.08599833496095,470.9200134277344,-256.68030185546854,-0.02801660635649683,2020-11-23,2020-11-27,4 days,3,28,-4465.414371635734,543.4455245556655,5008.8598961913995,Time Exit,457.516787109375,527.8500017438616,2.0,0.6064006488491426,17.09000505719866,Time Exit,0.011237010192871093,0.03555131993660153,0.31607856509716065,-0.006694000244140625,-17.3960323570215
28,-19,231,234,493.53096000000005,511.9599914550781,-350.1515976464834,-0.03734118616404136,2020-12-01,2020-12-04,3 days,3,29,-4815.565969282217,543.4455245556655,5359.011493837883,Time Exit,480.096005859375,545.2693001883371,2.0,-2.1795628401228586,15.056431361607142,Time Exit,0.011237010192871093,0.03555131993660153,0.31607856509716065,0.0046036962890625005,16.526350749980605
29,-17,253,256,548.5107653808594,547.780029296875,12.422513427735225,0.001332218308380928,2021-01-04,2021-01-07,3 days,3,30,-4803.143455854482,543.4455245556655,5346.588980410148,Time Exit,505.40162109375,571.9571533203125,2.0,-2.6459735011948844,15.16571044921875,Time Exit,0.011237010192871093,0.03555131993660153,0.31607856509716065,-0.0013446954345703124,-4.636748877008606
30,-16,257,260,560.8816040039062,551.260009765625,153.94550781249927,0.017154412213908454,2021-01-08,2021-01-13,5 days,3,31,-4649.197948041983,543.4455245556655,5192.643472597649,Time Exit,547.708828125,619.7171412876673,2.0,3.093618829461879,16.395703996930802,Time Exit,0.011237010192871093,0.03555131993660153,0.31607856509716065,-0.002306005859375,-12.132403713405754
31,-18,271,274,528.9655640039063,557.489990234375,-513.4396721484375,-0.053924920961883505,2021-01-29,2021-02-03,5 days,3,32,-5162.63762019042,543.4455245556655,5706.083144746086,Time Exit,504.3648046875,589.2971605573382,2.0,-6.1650642101733935,21.305718558175222,Time Exit,0.011237010192871093,0.03555131993660153,0.31607856509716065,0.0009863964843749998,2.0432014188224144
32,-15,275,278,606.285,601.3900146484375,73.42478027343702,0.008073736529128128,2021-02-04,2021-02-09,5 days,3,33,-5089.212839916983,543.4455245556655,5632.658364472649,Time Exit,590.55357421875,698.017846243722,2.0,2.067750058265975,27.619291033063615,Time Exit,0.011237010192871093,0.03555131993660153,0.31607856509716065,-0.0006272955322265625,-1.7586608520983968
33,-18,298,301,526.3851224365235,551.0900268554688,-444.6882795410147,-0.04693313577061531,2021-03-10,2021-03-15,5 days,3,34,-5533.901119457998,543.4455245556655,6077.3466440136635,Time Exit,491.318408203125,591.5214407784598,2.0,-4.816427340300597,26.577144077845983,Time Exit,0.011237010192871093,0.03555131993660153,0.31607856509716065,0.003598209228515625,7.594734176479473
34,-16,302,305,565.2771531982422,520.969970703125,708.9149199218755,0.07838134310653577,2021-03-16,2021-03-19,3 days,3,35,-4824.9861995361225,543.4455245556655,5368.431724091788,Profit Target,520.83837890625,626.3535570417132,2.0,5.1940859322925315,27.937859671456472,Profit Target,0.011237010192871093,0.03555131993660153,0.31607856509716065,0.0022233984374999995,3.9985089883085325
35,-17,306,309,533.8645159960938,502.05999755859375,540.6768134375011,0.059574138165295776,2021-03-22,2021-03-25,3 days,3,36,-4284.309386098621,543.4455245556655,4827.7549106542865,Profit Target,509.3759765625,611.2892652239118,2.0,4.6042147158460205,26.896429879324778,Profit Target,0.011237010192871093,0.03555131993660153,0.31607856509716065,0.007912195434570312,11.349899284063273
36,-18,310,313,525.3639803369141,532.0,-119.44835393554627,-0.012631280238950326,2021-03-26,2021-03-31,5 days,3,37,-4403.757740034167,543.4455245556655,4947.2032645898325,Time Exit,507.20642578125,593.9007437569754,2.0,0.7589827690117386,21.853572300502233,Time Exit,0.011237010192871093,0.03555131993660153,0.31607856509716065,0.0017189007568359374,1.3851176009708517
37,-17,314,317,545.1475102539063,556.010009765625,-184.66249169921855,-0.019925798627713487,2021-04-01,2021-04-07,6 days,3,38,-4588.420231733386,543.4455245556655,5131.865756289051,Time Exit,523.24798828125,604.8528420584543,2.0,-1.6127032858202357,19.93428475516183,Time Exit,0.011237010192871093,0.03555131993660153,0.31607856509716065,-0.005549594726562501,-5.40736353035754
38,-16,318,321,574.8416406738281,602.489990234375,-442.37359296875,-0.04809733255951598,2021-04-08,2021-04-13,5 days,3,39,-5030.793824702136,543.4455245556655,5574.239349257801,Time Exit,552.72,628.4599892752511,2.0,-4.404686991152844,17.569996425083705,Time Exit,0.011237010192871093,0.03555131993660153,0.31607856509716065,0.0019357000732421873,2.8392817837085484
39,-15,328,331,620.2769794921875,620.4099731445312,-1.9949047851565638,-0.00021441010506739744,2021-04-22,2021-04-27,5 days,3,40,-5032.788729487293,543.4455245556655,5576.234254042958,Time Exit,590.69759765625,664.2228698730469,2.0,-0.31366184255724916,16.304290771484375,Time Exit,0.011237010192871093,0.03555131993660153,0.31607856509716065,-0.0018464996337890626,-20.13066701582668
40,-14,333,336,645.3371493359375,594.1799926757812,716.2001932421877,0.07927198474905373,2021-04-29,2021-05-04,5 days,3,41,-4316.5885362451045,543.4455245556655,4860.03406080077,Time Exit,580.1664257812499,657.25146484375,2.0,0.7561980211699089,17.63714599609375,Time Exit,0.011237010192871093,0.03555131993660153,0.31607856509716065,-0.0027832006835937497,-8.067676042673954
41,-16,339,341,590.83596,539.9099731445312,814.8157896875,0.08619310655273715,2021-05-07,2021-05-11,4 days,2,42,-3501.7727465576045,543.4455245556655,4045.21827111327,Profit Target,574.4064257812499,662.3364606584821,1.0,7.326942020888478,21.332144601004465,Profit Target,0.011237010192871093,0.03555131993660153,0.31607856509716065,0.00162080078125,14.039005168404607
42,-16,344,347,569.4444440039063,557.4199829101562,192.3913775000001,0.021116126815116543,2021-05-14,2021-05-19,5 days,3,43,-3309.3813690576044,543.4455245556655,3852.82689361327,Time Exit,546.2783789062499,644.2135489327567,2.0,-0.08084176690906326,25.057856968470983,Time Exit,0.011237010192871093,0.03555131993660153,0.31607856509716065,0.0010816015625,4.957357094588452
43,-16,349,352,593.1608906640624,593.0,2.5742506249989674,0.0002712428728777194,2021-05-21,2021-05-26,5 days,3,44,-3306.8071184326054,543.4455245556655,3850.252642988271,Time Exit,568.0799999999999,661.519304547991,2.0,-0.5407709686575835,23.256434849330358,Time Exit,0.011237010192871093,0.03555131993660153,0.31607856509716065,0.0042048046875,10.06396487234076
44,-15,363,366,610.7660102539063,599.2000122070312,173.48997070312578,0.018936872472760657,2021-06-11,2021-06-16,5 days,3,45,-3133.3171477294795,543.4455245556655,3676.762672285145,Time Exit,587.07837890625,658.6185520717075,2.0,1.87886166844537,15.692858014787946,Time Exit,0.011237010192871093,0.03555131993660153,0.31607856509716065,-0.0010574981689453122,-3.041068795090797
45,-15,382,385,635.4353519921875,647.5,-180.9697201171872,-0.01898642870590672,2021-07-09,2021-07-14,5 days,3,46,-3314.2868678466666,543.4455245556655,3857.732392402332,Time Exit,602.10240234375,678.8028433663504,2.0,-2.4251059349558446,17.204280308314733,Time Exit,0.011237010192871093,0.03555131993660153,0.31607856509716065,0.001292999267578125,3.655499833066786
46,-15,390,393,618.1436326660157,636.010009765625,-267.9956564941392,-0.028903277742347244,2021-07-21,2021-07-26,5 days,3,47,-3582.282524340806,543.4455245556655,4125.728048896472,Time Exit,594.8640234375,681.5507245744977,2.0,-3.0065366172508305,20.63356672014509,Time Exit,0.011237010192871093,0.03555131993660153,0.31607856509716065,-0.001705499267578125,-9.972031627285675
47,-14,396,399,649.2293493359375,700.4199829101562,-716.6688700390623,-0.07884830472710291,2021-07-29,2021-08-03,5 days,3,48,-4298.951394379868,543.4455245556655,4842.396918935534,Time Exit,649.90078125,743.412841796875,2.0,-3.400398858960442,22.144287109375,Time Exit,0.011237010192871093,0.03555131993660153,0.31607856509716065,-0.003585406494140625,-12.772900970976398
48,-13,414,417,707.4151420019532,699.3200073242188,105.23675081054785,0.01144325898202514,2021-08-24,2021-08-27,3 days,3,49,-4193.71464356932,543.4455245556655,4737.160168124986,Time Exit,684.32642578125,763.4607500348773,2.0,2.283826480492494,16.87357439313616,Time Exit,0.011237010192871093,0.03555131993660153,0.31607856509716065,0.0009971057128906249,4.49053253218547
49,-15,459,462,612.1755926660156,631.5,-289.8661100097655,-0.03156677196133684,2021-10-27,2021-11-01,5 days,3,50,-4483.5807535790855,543.4455245556655,5027.026278134751,Time Exit,580.2144140624999,664.0535975864955,2.0,-3.305809160393225,19.887860979352677,Time Exit,0.011237010192871093,0.03555131993660153,0.31607856509716065,0.0028200073242187497,5.879134181194689
50,-14,463,466,661.674,680.4000244140625,-262.1643417968753,-0.028300982680387277,2021-11-02,2021-11-05,3 days,3,51,-4745.745095375961,543.4455245556655,5289.190619931626,Time Exit,640.37759765625,735.4599870954241,2.0,-1.8289227733161464,22.799996512276785,Time Exit,0.011237010192871093,0.03555131993660153,0.31607856509716065,0.005957798461914063,11.82675477093026
51,-13,467,470,705.0175493359375,696.989990234375,104.35826832031216,0.011386325218604387,2021-11-08,2021-11-11,3 days,3,52,-4641.386827055649,543.4455245556655,5184.832351611314,Time Exit,682.4351953125,779.8635471888952,2.0,2.99070292903842,22.997850690569198,Time Exit,0.011237010192871093,0.03555131993660153,0.31607856509716065,-0.0013396008300781252,-4.237286052544042
52,-15,485,488,628.1012653808593,670.27001953125,-632.53131225586,-0.06713687183040618,2021-12-03,2021-12-08,5 days,3,53,-5273.918139311509,543.4455245556655,5817.363663867174,Time Exit,594.9599999999999,681.1128670828683,2.0,-7.578857717325535,20.454289027622767,Time Exit,0.011237010192871093,0.03555131993660153,0.31607856509716065,-0.0004725036621093749,-1.8453515329396986
53,-15,498,501,621.9536121826172,667.469970703125,-682.7453778076165,-0.07318288314264709,2021-12-22,2021-12-28,6 days,3,54,-5956.663517119125,543.4455245556655,6500.10904167479,Time Exit,620.0544140625,727.6507655552455,2.0,-2.350244210547802,27.253583635602677,Time Exit,0.011237010192871093,0.03555131993660153,0.31607856509716065,-0.005494500732421874,-10.53290549893755
54,-18,517,519,508.1241126660156,453.739990234375,978.9142037695309,0.10702921013982014,2022-01-20,2022-01-24,4 days,2,55,-4977.749313349594,543.4455245556655,5521.194837905259,Profit Target,471.081591796875,570.3664093017578,1.0,5.691751372936553,26.552139282226562,Profit Target,0.011237010192871093,0.03555131993660153,0.31607856509716065,-0.0006911938476562501,-2.88310207359093
55,-19,524,527,478.2615612182617,480.3599853515625,-39.87005853271512,-0.004387607751615175,2022-01-31,2022-02-03,3 days,3,56,-5017.619371882309,543.4455245556655,5561.064896437974,Time Exit,475.161591796875,580.7471269880023,2.0,-2.153710167719053,28.595711844308035,Time Exit,0.011237010192871093,0.03555131993660153,0.31607856509716065,0.0014288037109375,2.285553987696411
56,-18,530,533,508.43547599609377,528.3800048828125,-359.0015199609371,-0.039227256610378625,2022-02-08,2022-02-11,3 days,3,57,-5376.620891843246,543.4455245556655,5920.066416398911,Time Exit,494.87039062499997,600.8914337158203,2.0,-3.272613520490924,28.467147827148438,Time Exit,0.011237010192871093,0.03555131993660153,0.31607856509716065,0.004820399780273437,6.895824295835153
57,-18,536,538,525.1176429443359,504.0299987792969,379.5775949707024,0.04015794260272909,2022-02-16,2022-02-18,2 days,2,58,-4997.043296872544,543.4455245556655,5540.488821428209,Profit Target,505.3248046875,602.8328683035714,1.0,4.677228407007714,25.484287806919642,Profit Target,0.011237010192871093,0.03555131993660153,0.31607856509716065,-0.0011880010986328126,-6.481690998376611
58,-18,542,545,505.19757147216797,505.1700134277344,0.496044799804622,5.454904375978842e-05,2022-02-25,2022-03-02,5 days,3,59,-4996.547252072739,543.4455245556655,5539.9927766284045,Time Exit,492.05759765625,584.2857055664062,2.0,2.2611979852301496,23.9085693359375,Time Exit,0.011237010192871093,0.03555131993660153,0.31607856509716065,-0.002192398681640625,-3.8043718319856716
59,-22,551,553,430.7471893359375,403.2099914550781,605.8183533789061,0.06392890902738602,2022-03-10,2022-03-14,4 days,2,60,-4390.728898693833,543.4455245556655,4934.174423249498,Profit Target,412.886396484375,503.3821323939732,1.0,6.8404248321653816,24.430712018694198,Profit Target,0.011237010192871093,0.03555131993660153,0.31607856509716065,0.006100602416992187,10.944489290687953
60,-23,555,558,401.5353163452148,436.42999267578125,-802.5775556030278,-0.08690313133145722,2022-03-16,2022-03-21,5 days,3,61,-5193.3064542968605,543.4455245556655,5736.751978852526,Time Exit,403.82399414062496,496.54784502301897,2.0,-5.282301567362231,25.299283708844865,Time Exit,0.011237010192871093,0.03555131993660153,0.31607856509716065,-0.006623997192382813,-8.790316009205348
61,-20,559,561,459.66362533203124,438.8500061035156,416.2723845703124,0.045280109370153476,2022-03-22,2022-03-24,2 days,2,62,-4777.034069726548,543.4455245556655,5320.479594282214,Profit Target,438.74879882812496,536.2085636683873,1.0,4.369516503083375,26.392854963030135,Profit Target,0.011237010192871093,0.03555131993660153,0.31607856509716065,0.007116695556640625,27.161571624384685
62,-21,564,567,446.7622873339844,439.4200134277344,154.18775203125,0.01643440844137578,2022-03-29,2022-04-01,3 days,3,63,-4622.846317695298,543.4455245556655,5166.291842250964,Time Exit,434.82240234374996,522.71142578125,2.0,3.7400102331649676,23.25714111328125,Time Exit,0.011237010192871093,0.03555131993660153,0.31607856509716065,0.003011399230957031,2.3989516395895265
63,-22,578,581,425.36038200195316,380.57000732421875,985.3882429101569,0.105299827094684,2022-04-19,2022-04-22,3 days,3,64,-3637.4580747851414,543.4455245556655,4180.903599340807,Profit Target,407.558408203125,471.84786333356584,2.0,9.636312912492102,15.769284929547991,Profit Target,0.011237010192871093,0.03555131993660153,0.31607856509716065,-0.00044000000000000007,-0.6076967962491405
64,-31,588,591,303.4119490356445,285.8500061035156,544.4202308959955,0.05788151385582285,2022-05-03,2022-05-06,3 days,3,65,-3093.0378438891457,543.4455245556655,3636.4833684448113,Profit Target,288.979189453125,375.3964168003627,2.0,5.747122591311705,24.792142595563615,Profit Target,0.011237010192871093,0.03555131993660153,0.31607856509716065,-4.0301513671874966e-05,-0.06730345538729447
65,-36,596,599,265.82167599609375,276.5,-384.4196641406252,-0.040171005482875666,2022-05-13,2022-05-18,5 days,3,66,-3477.457508029771,543.4455245556655,4020.9030325854364,Time Exit,264.499189453125,351.0,2.0,-1.840159526126856,25.160003662109375,Time Exit,0.011237010192871093,0.03555131993660153,0.31607856509716065,5.0405273437500076e-05,0.0855277990299064
66,-34,601,604,279.44,267.1499938964844,417.8602075195312,0.04398084062237195,2022-05-20,2022-05-25,5 days,3,67,-3059.5973005102396,543.4455245556655,3603.042825065905,Time Exit,264.038408203125,325.88358415876115,2.0,1.7670214216659486,16.947858537946427,Time Exit,0.011237010192871093,0.03555131993660153,0.31607856509716065,-0.007133203735351562,-7.130753346899288
67,-33,607,609,285.25153966308596,266.760009765625,610.2204866162118,0.06482534649699534,2022-05-31,2022-06-02,2 days,2,68,-2449.3768138940277,543.4455245556655,2992.8223384496932,Profit Target,266.5344140625,318.0457186017718,1.0,4.491427950864107,13.468567984444755,Profit Target,0.011237010192871093,0.03555131993660153,0.31607856509716065,0.004240502014160156,11.807235720769425
68,-35,610,613,278.10268365478515,275.4200134277344,93.89345794677723,0.00964632988001235,2022-06-03,2022-06-08,5 days,3,69,-2355.4833559472504,543.4455245556655,2898.928880502916,Time Exit,262.656005859375,315.6471296037946,2.0,0.03289339761804508,14.015707833426339,Time Exit,0.011237010192871093,0.03555131993660153,0.31607856509716065,-0.008499603576660155,-13.14699402421513
69,-40,621,624,240.65771939086915,253.0800018310547,-496.8912976074216,-0.05161805102960204,2022-06-21,2022-06-24,3 days,3,70,-2852.374653554672,543.4455245556655,3395.8201781103376,Time Exit,221.09759765625,269.3335494995117,2.0,-9.035646641131775,13.007850646972656,Time Exit,0.011237010192871093,0.03555131993660153,0.31607856509716065,-0.00011999511718749876,-0.0847799500011146
70,-39,630,633,245.64452449951173,254.27000427246094,-336.393711145019,-0.03511366593871035,2022-07-05,2022-07-08,3 days,3,71,-3188.768364699691,543.4455245556655,3732.2138892553567,Time Exit,243.94560058593748,290.8771503993443,2.0,-2.1762284147822966,12.255716596330915,Time Exit,0.011237010192871093,0.03555131993660153,0.31607856509716065,0.00517919952392578,6.556108593865492
71,-37,639,642,257.2644387817383,275.4700012207031,-673.6058102416982,-0.0707659501063429,2022-07-18,2022-07-21,3 days,3,72,-3862.3741749413894,543.4455245556655,4405.819699497055,Time Exit,243.9168017578125,288.8478687831334,2.0,-8.032898400595698,11.589288984026227,Time Exit,0.011237010192871093,0.03555131993660153,0.31607856509716065,0.006142002258300782,13.369614432411055
72,-36,646,649,261.62850200195317,278.3299865722656,-601.2534445312485,-0.06383664028389302,2022-07-27,2022-08-01,5 days,3,73,-4463.627619472638,543.4455245556655,5007.073144028303,Time Exit,252.1055859375,302.9042761666434,2.0,-6.991362436032894,13.431430271693639,Time Exit,0.011237010192871093,0.03555131993660153,0.31607856509716065,2.159912109375023e-05,0.026057098130168183
73,-32,652,655,291.8942530029297,288.3500061035156,113.41590078125046,0.012142229122196868,2022-08-04,2022-08-09,5 days,3,74,-4350.211718691387,543.4455245556655,4893.657243247053,Time Exit,281.980810546875,335.4985852922712,2.0,0.2281051995621793,13.922858101981026,Time Exit,0.011237010192871093,0.03555131993660153,0.31607856509716065,-0.0064416015625000005,-11.968677393442658
74,-32,657,660,291.3161939086914,283.3500061035156,254.91800976562445,0.027345502830757984,2022-08-11,2022-08-16,5 days,3,75,-4095.293708925763,543.4455245556655,4638.7392334814285,Time Exit,275.8848046875,327.3357173374721,2.0,0.4140867218272572,13.318570818219866,Time Exit,0.011237010192871093,0.03555131993660153,0.31607856509716065,0.010361596679687501,13.653834973383065
75,-36,667,669,265.10873461914065,250.0,543.9144462890633,0.05699070851379562,2022-08-25,2022-08-29,4 days,2,76,-3551.3792626366994,543.4455245556655,4094.824787192365,Profit Target,262.070390625,310.44712720598494,1.0,7.524082941099137,12.485712323869977,Profit Target,0.011237010192871093,0.03555131993660153,0.31607856509716065,0.000241204833984375,6.671069970519727
76,-38,676,679,248.05250650146485,255.0,-264.0047529443358,-0.028008156807293183,2022-09-08,2022-09-13,5 days,3,77,-3815.3840155810353,543.4455245556655,4358.829540136701,Time Exit,247.00798828125,292.8714130946568,2.0,-4.0769612318807065,11.857141767229352,Time Exit,0.011237010192871093,0.03555131993660153,0.31607856509716065,0.008211806030273437,9.814996039338952
77,-37,681,684,256.42851266601565,239.55999755859375,624.1350589746103,0.0657825252427846,2022-09-15,2022-09-20,5 days,3,78,-3191.248956606425,543.4455245556655,3734.6944811620906,Time Exit,241.92,288.7157167707171,2.0,3.0992053803943453,12.238572256905693,Time Exit,0.011237010192871093,0.03555131993660153,0.31607856509716065,0.0050727024841308605,4.1237954230836955
78,-42,688,691,226.21466083251954,208.57000732421875,741.0754473486332,0.07799960198585099,2022-09-26,2022-09-29,3 days,3,79,-2450.173509257792,543.4455245556655,2993.6190338134575,Time Exit,210.8543994140625,256.77357264927457,2.0,3.4328871367171248,12.377857753208705,Time Exit,0.011237010192871093,0.03555131993660153,0.31607856509716065,-0.005371797180175782,-6.872557375751292
79,-44,694,697,221.22665817260742,217.4600067138672,165.73266418457,0.017026209634290024,2022-10-04,2022-10-07,3 days,3,80,-2284.4408450732217,543.4455245556655,2827.886369628887,Time Exit,220.71360351562498,266.00214821951727,2.0,3.2838949725970976,12.030714852469307,Time Exit,0.011237010192871093,0.03555131993660153,0.31607856509716065,-0.0008624029541015625,-2.2552036663266097
80,-45,702,705,216.35641329956056,207.1699981689453,413.38868087768606,0.042459638660657606,2022-10-14,2022-10-19,5 days,3,81,-1871.0521641955356,543.4455245556655,2414.497688751201,Time Exit,193.5648046875,236.05500684465682,2.0,-4.151165458758059,11.475000653948102,Time Exit,0.011237010192871093,0.03555131993660153,0.31607856509716065,0.004648493957519532,18.34757145193636
81,-47,708,711,207.55406121826172,188.88999938964844,877.2109059448244,0.0899238575196385,2022-10-24,2022-10-27,3 days,3,82,-993.8412582507112,543.4455245556655,1537.2867828063768,Time Exit,202.93439941406248,245.12499455043246,2.0,-4.848857575852726,11.244998386928014,Time Exit,0.011237010192871093,0.03555131993660153,0.31607856509716065,-0.0031584005737304685,-3.0122591070936386
82,-52,713,716,189.62,176.38999938964844,687.9600317382815,0.06977112440856226,2022-10-31,2022-11-03,3 days,3,83,-305.88122651242975,543.4455245556655,849.3267510680953,Profit Target,186.5280029296875,236.44571249825614,2.0,7.833248060551397,14.048569815499443,Profit Target,0.011237010192871093,0.03555131993660153,0.31607856509716065,-0.0025635961914062502,-9.265746360713406
83,-54,718,721,182.4974755004883,186.9600067138672,-240.97668552246034,-0.024452564075972516,2022-11-07,2022-11-10,3 days,3,84,-546.8579120348901,543.4455245556655,1090.3034365905555,Time Exit,174.1151953125,218.74356733049666,2.0,3.7437246892715823,12.457857404436384,Time Exit,0.011237010192871093,0.03555131993660153,0.31607856509716065,0.007106401977539062,16.836495182153957
84,-50,722,725,197.4044030456543,212.83999633789062,-771.779664611816,-0.07819275079019627,2022-11-11,2022-11-16,5 days,3,85,-1318.637576646706,543.4455245556655,1862.0831012023716,Time Exit,210.2207958984375,261.70428248814176,2.0,2.7673749551688576,14.241428920200892,Time Exit,0.011237010192871093,0.03555131993660153,0.31607856509716065,-0.012055600280761719,-31.227540262334507
85,-49,735,738,199.1041955004883,186.75999450683594,604.8658486889651,0.06199869853381401,2022-12-01,2022-12-06,5 days,3,86,-713.771727957741,543.4455245556655,1257.2172525134065,Profit Target,193.6992041015625,230.4885733468192,2.0,6.869207670549312,9.57285635811942,Profit Target,0.011237010192871093,0.03555131993660153,0.31607856509716065,-0.0175175,-9.02649324014113
86,-48,743,746,205.39837756347657,198.25,343.12212304687546,0.034802502572190086,2022-12-13,2022-12-16,3 days,3,87,-370.6496049108655,543.4455245556655,914.095129466531,Time Exit,190.6368017578125,221.0435834612165,2.0,-1.707120232848289,7.487860543387277,Time Exit,0.011237010192871093,0.03555131993660153,0.31607856509716065,-0.00145919677734375,-4.243312769863524
87,-46,754,757,212.34804899902343,217.25999450683594,-225.9494933593752,-0.023131578231901262,2022-12-29,2023-01-04,6 days,3,88,-596.5990982702407,543.4455245556655,1140.0446228259061,Time Exit,203.65439941406248,239.58785247802734,2.0,-0.06599386728162161,9.149284362792969,Time Exit,0.011237010192871093,0.03555131993660153,0.31607856509716065,-0.003532796630859375,-8.772519792030504
88,-44,758,761,221.44621939086915,227.1699981689453,-251.84626623535132,-0.025847263474718662,2023-01-05,2023-01-10,5 days,3,89,-848.445364505592,543.4455245556655,1391.8908890612574,Time Exit,211.02720703125,247.97285897391183,2.0,-3.5710993463613114,9.384283883231026,Time Exit,0.011237010192871093,0.03555131993660153,0.31607856509716065,-0.0014794055175781251,-2.7455887794754488
89,-41,762,765,236.30324449951172,238.77999877929688,-101.54692547119134,-0.010481253801787105,2023-01-11,2023-01-17,6 days,3,90,-949.9922899767834,543.4455245556655,1493.437814532449,Time Exit,224.793603515625,258.427857535226,2.0,-2.3915232136771296,8.08928462437221,Time Exit,0.011237010192871093,0.03555131993660153,0.31607856509716065,-0.002181299133300781,-11.385462602458942
90,-39,766,768,248.85169349853518,237.77999877929688,431.7960940502941,0.04449113672318039,2023-01-18,2023-01-20,2 days,2,91,-518.1961959264893,543.4455245556655,1061.6417204821548,Profit Target,236.9280029296875,273.16357748849055,1.0,4.254456997635444,8.787858145577568,Profit Target,0.011237010192871093,0.03555131993660153,0.31607856509716065,0.0007413015747070313,4.811931144420226
91,-40,769,772,245.62775512695313,255.86000061035156,-409.2898193359372,-0.0416575296147208,2023-01-23,2023-01-26,3 days,3,92,-927.4860152624265,543.4455245556655,1470.931539818092,Time Exit,241.32480468749998,280.0428739275251,2.0,-0.2784616654648049,9.55428968157087,Time Exit,0.011237010192871093,0.03555131993660153,0.31607856509716065,-0.009114401245117188,-13.623845867668143
92,-37,773,776,261.6388755004883,270.2900085449219,-320.09192264404135,-0.03306516674131399,2023-01-27,2023-02-01,5 days,3,93,-1247.577937906468,543.4455245556655,1791.0234624621335,Time Exit,258.43201171875,296.8300225394113,2.0,-0.19687918100437288,9.210003444126674,Time Exit,0.011237010192871093,0.03555131993660153,0.31607856509716065,-0.0026750982666015628,-5.439991158480551
93,-29,777,779,335.827,348.0,-353.01700000000005,-0.03624782998389042,2023-02-02,2023-02-06,4 days,2,94,-1600.594937906468,543.4455245556655,2144.0404624621333,Profit Target,345.4848046875,405.1500200544085,1.0,4.662664930428946,15.090005057198661,Profit Target,0.011237010192871093,0.03555131993660153,0.31607856509716065,-0.0023306986999511716,-30.467370709828554
94,-30,785,788,327.7855126660156,322.1600036621094,168.76527011718736,0.017162164850275552,2023-02-14,2023-02-17,3 days,3,95,-1431.8296677892806,543.4455245556655,1975.2751923449462,Time Exit,318.259189453125,386.7049985613142,2.0,1.6137716467277234,18.395003182547434,Time Exit,0.011237010192871093,0.03555131993660153,0.31607856509716065,-0.004971002197265624,-12.081462874151875
95,-30,797,800,320.2294563330078,333.5899963378906,-400.8162001464842,-0.04172177087603446,2023-03-03,2023-03-08,5 days,3,96,-1832.6458679357647,543.4455245556655,2376.0913924914303,Time Exit,321.17759765625,369.32785470145086,2.0,-0.06575837586936696,11.589285714285714,Time Exit,0.011237010192871093,0.03555131993660153,0.31607856509716065,-0.003041995239257813,-6.025505932372512
96,-30,804,807,324.65100566894534,325.0899963378906,-13.169720068358401,-0.0013521925430071136,2023-03-14,2023-03-17,3 days,3,97,-1845.8155880041231,543.4455245556655,2389.2611125597887,Time Exit,307.929609375,357.981440952846,2.0,-1.7583189796572318,12.407143729073661,Time Exit,0.011237010192871093,0.03555131993660153,0.31607856509716065,-0.0006839996337890625,-5.369667719240766
97,-30,817,820,317.82147433105473,324.44000244140625,-198.55584331054558,-0.020824672480933115,2023-03-31,2023-04-05,5 days,3,98,-2044.3714313146688,543.4455245556655,2587.8169558703344,Time Exit,320.7744140625,368.4750300816127,2.0,2.181722698669297,11.445005144391741,Time Exit,0.011237010192871093,0.03555131993660153,0.31607856509716065,-0.0016140014648437498,-6.254673578730419
98,-29,822,825,329.0413869970703,336.67999267578125,-221.51956468261824,-0.023214726112186668,2023-04-10,2023-04-13,3 days,3,99,-2265.890995997287,543.4455245556655,2809.3365205529526,Time Exit,317.433603515625,365.81573704310824,2.0,-0.4808553560397919,11.718577793666295,Time Exit,0.011237010192871093,0.03555131993660153,0.31607856509716065,0.0024823992919921875,3.082922982963428
99,-28,826,829,344.84892,345.0899963378906,-6.750137460936912,-0.0006990781293170212,2023-04-14,2023-04-19,5 days,3,100,-2272.641133458224,543.4455245556655,2816.0866580138895,Time Exit,328.57918945312497,374.9357103620257,2.0,-1.6887249729236398,10.888573782784599,Time Exit,0.011237010192871093,0.03555131993660153,0.31607856509716065,0.0019738967895507812,13.895697806972185
100,-32,853,856,302.0243306640625,280.82000732421875,678.5383468750006,0.07020733492967834,2023-05-23,2023-05-26,3 days,3,101,-1594.1027865832234,543.4455245556655,2137.548311138889,Time Exit,271.24798828125,311.9242706298828,2.0,0.8741820305838963,9.791427612304688,Time Exit,0.011237010192871093,0.03555131993660153,0.31607856509716065,-0.002176005859375,-4.816644659516952
101,-33,859,862,295.75531666992185,303.7200012207031,-262.83459017578195,-0.026929979283078387,2023-06-01,2023-06-06,5 days,3,102,-1856.9373767590055,543.4455245556655,2400.382901314671,Time Exit,285.31201171875,326.3235844203404,2.0,-2.674960081736175,9.707857404436384,Time Exit,0.011237010192871093,0.03555131993660153,0.31607856509716065,0.0026334036254882813,5.890586064414885
102,-31,867,870,315.9843673339844,334.95001220703125,-587.934991064453,-0.06002083278063197,2023-06-13,2023-06-16,3 days,3,103,-2444.8723678234583,543.4455245556655,2988.317892379124,Time Exit,309.13918945312497,349.06712559291293,2.0,-3.4687329385816894,9.015712193080358,Time Exit,0.011237010192871093,0.03555131993660153,0.31607856509716065,0.006432500000000001,9.413464704863669
103,-28,877,880,344.0289543310547,350.70001220703125,-186.78962052734323,-0.019390977974362844,2023-06-28,2023-07-03,5 days,3,104,-2631.6619883508015,543.4455245556655,3175.107512906467,Time Exit,331.26720703125,375.7192796979632,2.0,-2.483556131311811,10.216424124581474,Time Exit,0.011237010192871093,0.03555131993660153,0.31607856509716065,6.719726562499982e-05,0.26290843314998513
104,-28,885,888,343.2121939086914,367.510009765625,-680.3388439941407,-0.07079531639076264,2023-07-11,2023-07-14,3 days,3,105,-3312.000832344942,543.4455245556655,3855.4463569006075,Time Exit,336.096005859375,382.913565499442,2.0,-4.987144001910028,10.937853131975446,Time Exit,0.011237010192871093,0.03555131993660153,0.31607856509716065,-0.0011507958984375,-8.437568005059498
105,-23,897,900,403.0223265991211,374.67999267578125,651.873680236816,0.0703244759725965,2023-07-27,2023-08-01,5 days,3,106,-2660.127152108126,543.4455245556655,3203.5726766637918,Time Exit,369.89759765625,432.49356951032365,2.0,1.9257177226573001,15.727857317243304,Time Exit,0.011237010192871093,0.03555131993660153,0.31607856509716065,-0.004411398315429688,-10.714786553274635
106,-27,916,919,355.5810089990234,360.489990234375,-132.54249335449254,-0.013805521417385558,2023-08-23,2023-08-28,5 days,3,107,-2792.669645462619,543.4455245556655,3336.1151700182845,Time Exit,345.100810546875,387.63072422572543,2.0,0.8707034569806836,9.383571079799108,Time Exit,0.011237010192871093,0.03555131993660153,0.31607856509716065,0.001660498352050781,10.927553056732155
107,-26,921,924,372.26039100097654,374.8999938964844,-68.62967528320371,-0.007090743359534413,2023-08-30,2023-09-05,6 days,3,108,-2861.2993207458226,543.4455245556655,3404.744845301488,Time Exit,356.0255859375,400.67784118652344,2.0,-1.0893622133679604,9.939285278320312,Time Exit,0.011237010192871093,0.03555131993660153,0.31607856509716065,-0.0019994006347656247,-5.132406392568976
108,-29,932,935,334.63579100097655,318.2099914550781,476.3481868310544,0.04908560287817654,2023-09-15,2023-09-20,5 days,3,109,-2384.951133914768,543.4455245556655,2928.3966584704335,Profit Target,318.806396484375,361.42142595563615,2.0,4.242824684051764,9.777143205915179,Profit Target,0.011237010192871093,0.03555131993660153,0.31607856509716065,-0.004903901062011719,-17.149361502520104
109,-35,954,957,276.07633066406254,271.2699890136719,168.22195776367323,0.017409466573355625,2023-10-17,2023-10-20,3 days,3,110,-2216.7291761510946,543.4455245556655,2760.17470070676,Time Exit,265.689609375,306.8285827636719,2.0,2.337765931639569,10.022857666015625,Time Exit,0.011237010192871093,0.03555131993660153,0.31607856509716065,-0.0022084991455078124,-7.233029687303288
110,-51,966,969,191.58964899902344,198.07000732421875,-330.4982745849609,-0.033824156780141834,2023-11-02,2023-11-07,5 days,3,111,-2547.2274507360553,543.4455245556655,3090.672975291721,Time Exit,184.62720703124998,230.88285936628068,2.0,-2.833816940873147,12.854284014020648,Time Exit,0.011237010192871093,0.03555131993660153,0.31607856509716065,-0.0044676049804687505,-8.997081154197726
111,-48,974,977,199.41557466796877,204.50999450683594,-244.53215226562406,-0.02554675003368967,2023-11-14,2023-11-17,3 days,3,112,-2791.7596030016794,543.4455245556655,3335.205127557345,Time Exit,194.611201171875,240.59713636125838,2.0,-0.19731348366010415,12.625711713518415,Time Exit,0.011237010192871093,0.03555131993660153,0.31607856509716065,0.0357695947265625,9.793413817756893
112,-46,978,981,210.82230533203125,218.11000061035156,-335.23398280273443,-0.03456795174895122,2023-11-20,2023-11-24,4 days,3,113,-3126.9935858044137,543.4455245556655,3670.439110360079,Time Exit,206.6304052734375,238.8585706438337,2.0,-0.9524195041120534,7.872855050223214,Time Exit,0.011237010192871093,0.03555131993660153,0.31607856509716065,-0.000550802307128906,-0.790658001109601
113,-43,986,989,224.68891716552736,218.25,276.87343811767636,0.028657030559205654,2023-12-01,2023-12-06,5 days,3,114,-2850.1201476867373,543.4455245556655,3393.565672242403,Time Exit,211.63199707031248,241.84427860804965,2.0,2.313445640883339,7.1314272199358255,Time Exit,0.011237010192871093,0.03555131993660153,0.31607856509716065,-0.0066134020996093746,-10.740550175877766
114,-42,994,995,226.97233799804687,251.65071541922433,-1036.4918516894531,-0.10872856859495283,2023-12-13,2023-12-14,1 days,1,115,-3886.6119993761904,543.4455245556655,4430.057523931856,,,,,,,,0.011237010192871093,0.03555131993660153,0.31607856509716065,-0.0008357958984375,-11.224972160321824
115,-37,996,999,256.7654387817383,266.17999267578125,-348.3384940795898,-0.03666597007257555,2023-12-15,2023-12-20,5 days,3,116,-4234.95049345578,543.4455245556655,4778.396018011445,Time Exit,244.8095947265625,283.20141928536555,2.0,-5.21548305488132,9.397141592843193,Time Exit,0.011237010192871093,0.03555131993660153,0.31607856509716065,0.000190198974609375,0.694927939390931
116,-34,1001,1004,274.8491939086914,274.6300048828125,7.452426879882751,0.0007974883344635808,2023-12-22,2023-12-28,6 days,3,117,-4227.498066575898,543.4455245556655,4770.943591131563,Time Exit,260.9951953125,303.2049876621791,2.0,-1.254277310241433,10.44499751499721,Time Exit,0.011237010192871093,0.03555131993660153,0.31607856509716065,0.001217200622558594,5.817867689208622
117,-36,1009,1012,265.9358636669922,277.0,-398.30890798828113,-0.04160452892830757,2024-01-05,2024-01-10,5 days,3,118,-4625.806974564179,543.4455245556655,5169.252499119844,Time Exit,254.09279296875,292.56713540213445,2.0,-4.851139751095176,9.295714242117745,Time Exit,0.011237010192871093,0.03555131993660153,0.31607856509716065,-0.010918800659179686,-9.544636189220036
118,-35,1023,1026,266.81810200195315,264.54998779296875,79.383997314454,0.008500600941115266,2024-01-26,2024-01-31,5 days,3,119,-4546.422977249725,543.4455245556655,5089.86850180539,Time Exit,253.708798828125,290.78072248186385,2.0,-0.17405458498668638,8.833574567522321,Time Exit,0.011237010192871093,0.03555131993660153,0.31607856509716065,-0.005656001281738281,-16.689371789765783
119,-31,1027,1030,302.394,276.5,802.7140000000002,0.08563000588636016,2024-02-01,2024-02-06,5 days,3,120,-3743.7089772497247,543.4455245556655,4287.15450180539,Time Exit,262.4448046875,306.8964407784598,2.0,-0.8047339418243747,11.172145298549108,Time Exit,0.011237010192871093,0.03555131993660153,0.31607856509716065,0.0031477984619140624,18.12000484209502
120,-33,1031,1034,287.60363269042966,294.7099914550781,-234.50983923339925,-0.024708863021551508,2024-02-07,2024-02-12,5 days,3,121,-3978.218816483124,543.4455245556655,4521.66434103879,Time Exit,273.340810546875,321.78860255650113,2.0,-4.088077716338195,12.35286385672433,Time Exit,0.011237010192871093,0.03555131993660153,0.31607856509716065,-0.0015274978637695317,-3.1000341432668703
121,-31,1037,1040,306.7452653808594,307.80999755859375,-33.00669750976505,-0.0034710631194661,2024-02-15,2024-02-21,6 days,3,122,-4011.2255139928893,543.4455245556655,4554.671038548555,Time Exit,297.379189453125,349.4685821533203,2.0,-1.213806985498214,13.232864379882812,Time Exit,0.011237010192871093,0.03555131993660153,0.31607856509716065,-0.000815301513671875,-2.127082007106201
122,-30,1042,1045,316.20232166503905,308.8699951171875,219.96979643554653,0.023188718252419638,2024-02-23,2024-02-28,5 days,3,123,-3791.255717557343,543.4455245556655,4334.701242113008,Time Exit,304.2048046875,350.165034702846,2.0,1.2055059534701322,11.095009940011161,Time Exit,0.011237010192871093,0.03555131993660153,0.31607856509716065,-0.0045179992675781246,-9.791731802927863
123,-30,1051,1054,310.8466506640625,309.6199951171875,36.79966640625025,0.003946175853124068,2024-03-07,2024-03-12,5 days,3,124,-3754.4560511510927,543.4455245556655,4297.901575706758,Time Exit,298.36798828125,338.64427403041293,2.0,0.8719406568584921,9.281428745814733,Time Exit,0.011237010192871093,0.03555131993660153,0.31607856509716065,-0.0032339996337890625,-11.185551047994473
124,-30,1055,1058,319.77276899902347,318.55999755859375,36.38314321289158,0.0037926038675089035,2024-03-13,2024-03-18,5 days,3,125,-3718.072907938201,543.4455245556655,4261.518432493866,Time Exit,307.86240234375,346.5757141113281,2.0,1.9769859645216146,8.628570556640625,Time Exit,0.011237010192871093,0.03555131993660153,0.31607856509716065,0.0008070007324218749,1.1568499608358487
125,-29,1060,1063,328.12804400390627,318.1700134277344,288.7828867089849,0.03034800212338251,2024-03-20,2024-03-25,5 days,3,126,-3429.290021229216,543.4455245556655,3972.7355457848817,Time Exit,315.9744140625,356.4507315499442,2.0,2.9531508744341814,9.103572300502233,Time Exit,0.011237010192871093,0.03555131993660153,0.31607856509716065,-0.001638498229980469,-4.920083609692558
126,-29,1073,1076,329.6226196630859,319.8900146484375,282.245545424804,0.029526508297871956,2024-04-09,2024-04-12,3 days,3,127,-3147.0444758044123,543.4455245556655,3690.490000360078,Time Exit,317.03999999999996,359.913569859096,2.0,1.6199867081046555,9.887856619698661,Time Exit,0.011237010192871093,0.03555131993660153,0.31607856509716065,-0.0014876925659179693,-2.499424551584465
127,-31,1083,1086,310.3173330029297,311.20001220703125,-27.363055327148913,-0.002844440545940241,2024-04-23,2024-04-26,3 days,3,128,-3174.407531131561,543.4455245556655,3717.8530556872265,Time Exit,299.40480468749996,343.84713963099887,2.0,0.44247943478487206,10.655711582728795,Time Exit,0.011237010192871093,0.03555131993660153,0.31607856509716065,-0.0017080935668945313,-7.344398500100823
128,-37,1114,1117,258.3486710009766,254.3000030517578,149.80071412109493,0.015671332596882137,2024-06-06,2024-06-11,5 days,3,129,-3024.606817010466,543.4455245556655,3568.0523415661314,Time Exit,247.161591796875,277.2128601074219,2.0,0.6835992252190466,6.58428955078125,Time Exit,0.011237010192871093,0.03555131993660153,0.31607856509716065,0.004765601806640625,17.724361537206242
129,-36,1118,1121,265.3961408325195,251.4199981689453,503.141135888671,0.052661438933258475,2024-06-12,2024-06-17,5 days,3,130,-2521.4656811217947,543.4455245556655,3064.91120567746,Time Exit,255.4848046875,287.5842993600028,2.0,3.8026509343220174,7.151431492396763,Time Exit,0.011237010192871093,0.03555131993660153,0.31607856509716065,0.0042894027709960945,9.657684510384605
130,-39,1128,1131,244.14991716552734,238.57000732421875,217.61648381103507,0.022854440853754432,2024-06-27,2024-07-02,5 days,3,131,-2303.84919731076,543.4455245556655,2847.2947218664253,Time Exit,233.28,267.76285661969865,2.0,1.7942389343010547,8.254285539899554,Time Exit,0.011237010192871093,0.03555131993660153,0.31607856509716065,0.0001209049987792969,0.8855758129587972
131,-38,1137,1139,256.86443716552736,243.0,526.8486122900398,0.05397569752558973,2024-07-11,2024-07-15,4 days,2,132,-1777.0005850207199,543.4455245556655,2320.4461095763854,Profit Target,246.04798828124999,275.4014129638672,1.0,5.325787961999601,6.3671417236328125,Profit Target,0.011237010192871093,0.03555131993660153,0.31607856509716065,3.797912597656262e-06,0.12743268539765468
132,-39,1141,1144,249.38104283447265,252.0,-102.13932945556658,-0.01050182939232358,2024-07-17,2024-07-22,5 days,3,133,-1879.1399144762865,543.4455245556655,2422.585439031952,Time Exit,240.55680175781248,271.4535642351423,2.0,-0.4070573329904602,6.957854134695871,Time Exit,0.011237010192871093,0.03555131993660153,0.31607856509716065,-0.002417998809814453,-5.350216840501606
133,-42,1150,1153,228.80946083251956,224.02000427246094,201.15717552246224,0.020932073973830678,2024-07-30,2024-08-02,3 days,3,134,-1677.9827389538243,543.4455245556655,2221.4282635094896,Time Exit,221.913603515625,260.6328560965402,2.0,1.2242610253594521,9.824284144810267,Time Exit,0.011237010192871093,0.03555131993660153,0.31607856509716065,0.002028600769042969,2.1675268876359692
134,-46,1158,1161,213.24265817260743,221.44000244140625,-377.0778363647455,-0.03844139038148531,2024-08-09,2024-08-14,5 days,3,135,-2055.06057531857,543.4455245556655,2598.5060998742356,Time Exit,206.3231982421875,246.75643811907088,2.0,-2.2845727265685607,10.612146650041852,Time Exit,0.011237010192871093,0.03555131993660153,0.31607856509716065,0.003128001403808594,8.576623577607819
135,-42,1162,1165,228.16595550048828,237.5,-392.0298689794922,-0.04090901501513344,2024-08-15,2024-08-20,5 days,3,136,-2447.0904442980623,543.4455245556655,2990.535968853728,Time Exit,225.9168017578125,267.65286799839566,2.0,-1.988693595957669,10.774288722446986,Time Exit,0.011237010192871093,0.03555131993660153,0.31607856509716065,0.006478799743652345,4.956020994230069
136,-40,1173,1175,239.6868579980469,224.25,617.4743199218756,0.06440427367182844,2024-08-30,2024-09-04,5 days,2,137,-1829.6161243761867,543.4455245556655,2373.0616489318522,Profit Target,227.731201171875,263.56429399762834,1.0,4.519012379031869,8.781430925641741,Profit Target,0.011237010192871093,0.03555131993660153,0.31607856509716065,-0.0019640014648437502,-6.398678185436304
137,-42,1182,1185,233.68768166503907,253.41000366210938,-828.337523876953,-0.08439607024447149,2024-09-13,2024-09-18,5 days,3,138,-2657.95364825314,543.4455245556655,3201.3991728088054,Time Exit,233.9807958984375,270.1835665021624,2.0,-3.8690387313311785,8.817856924874443,Time Exit,0.011237010192871093,0.03555131993660153,0.31607856509716065,-0.003187798461914063,-8.218883471436186
138,-38,1192,1195,251.64370083251956,241.0800018310547,401.420562055665,0.04197879369329216,2024-09-27,2024-10-02,5 days,3,139,-2256.533086197475,543.4455245556655,2799.9786107531404,Time Exit,244.61759765624998,283.6121477399554,2.0,3.7125668324308165,9.600716727120536,Time Exit,0.011237010192871093,0.03555131993660153,0.31607856509716065,-0.0015199999999999999,-4.761470740590979
139,-44,1211,1214,218.80391266601563,207.05999755859375,516.7322647265629,0.0536732408681736,2024-10-24,2024-10-29,5 days,3,140,-1739.800821470912,543.4455245556655,2283.2463460265776,Time Exit,207.76319824218749,236.72785295758928,2.0,0.28647773885642,6.769284929547991,Time Exit,0.011237010192871093,0.03555131993660153,0.31607856509716065,0.0012804016113281253,2.583631343660922
140,-46,1218,1221,212.8047363330078,224.91000366210938,-556.8422971386719,-0.0568843886545769,2024-11-04,2024-11-07,3 days,3,141,-2296.6431186095842,543.4455245556655,2840.08864316525,Time Exit,202.34879882812498,232.9800033569336,2.0,-6.675209889791843,7.400001525878906,Time Exit,0.011237010192871093,0.03555131993660153,0.31607856509716065,0.002415,13.435449789668624
141,-43,1227,1230,223.1839363330078,221.0,93.90926231933571,0.009785365241292254,2024-11-15,2024-11-20,5 days,3,142,-2202.7338562902487,543.4455245556655,2746.1793808459142,Time Exit,214.74240234375,247.37286703927177,2.0,0.49622271815313607,7.894288199288504,Time Exit,0.011237010192871093,0.03555131993660153,0.31607856509716065,0.0036292010498046876,21.54875329275859
142,-41,1233,1235,236.86373016845704,230.3300018310547,267.8828618334964,0.02758433438819685,2024-11-25,2024-11-27,2 days,2,143,-1934.8509944567522,543.4455245556655,2478.296519012418,Profit Target,230.8992041015625,266.88358197893416,1.0,5.234496662663339,8.787859235491071,Profit Target,0.011237010192871093,0.03555131993660153,0.31607856509716065,-0.005768703002929688,-10.680768658950019
143,-41,1242,1245,236.44855266601562,239.14999389648438,-110.75909044921914,-0.011425069851387804,2024-12-09,2024-12-12,3 days,3,144,-2045.6100849059715,543.4455245556655,2589.055609461637,Time Exit,228.06720703124998,264.1135809762137,2.0,-0.820809398545402,8.847857883998326,Time Exit,0.011237010192871093,0.03555131993660153,0.31607856509716065,-7.37969970703127e-05,-0.1277465223718417
144,-45,1254,1257,215.44106200195313,208.32000732421875,320.447460498047,0.03305337715829593,2024-12-26,2024-12-31,5 days,3,145,-1725.1626244079243,543.4455245556655,2268.60814896359,Profit Target,206.88,238.03428976876395,2.0,4.1392102872136025,7.511429922921317,Profit Target,0.011237010192871093,0.03555131993660153,0.31607856509716065,-0.0010260063171386715,-1.5479381146369873
